"Date","Close Price"
"03/01/2018 00:00","14740.76"
"03/01/2018 00:01","14736.56"
"03/01/2018 00:02","14716.04"
"03/01/2018 00:03","14711.21"
"03/01/2018 00:04","14725.92"
"03/01/2018 00:05","14755.13"
"03/01/2018 00:06","14739.57"
"03/01/2018 00:07","14749.04"
"03/01/2018 00:08","14751.77"
"03/01/2018 00:09","14750.85"
"03/01/2018 00:10","14776.54"
"03/01/2018 00:11","14785.42"
"03/01/2018 00:12","14797.32"
"03/01/2018 00:13","14768.82"
"03/01/2018 00:14","14795.58"
"03/01/2018 00:15","14796.53"
"03/01/2018 00:16","14815.79"
"03/01/2018 00:17","14836.02"
"03/01/2018 00:18","14871.85"
"03/01/2018 00:19","14903.68"
"03/01/2018 00:20","14939.31"
"03/01/2018 00:21","14951.24"
"03/01/2018 00:22","14934.93"
"03/01/2018 00:23","14912.87"
"03/01/2018 00:24","14883.84"
"03/01/2018 00:25","14864.93"
"03/01/2018 00:26","14890.74"
"03/01/2018 00:27","14872.6"
"03/01/2018 00:28","14855.73"
"03/01/2018 00:29","14857.69"
"03/01/2018 00:30","14869.72"
"03/01/2018 00:31","14890.02"
"03/01/2018 00:32","14887.05"
"03/01/2018 00:33","14881.88"
"03/01/2018 00:34","14873.68"
"03/01/2018 00:35","14873.32"
"03/01/2018 00:36","14887.19"
"03/01/2018 00:37","14899.09"
"03/01/2018 00:38","14909.99"
"03/01/2018 00:39","14918.36"
"03/01/2018 00:40","14900.82"
"03/01/2018 00:41","14862.43"
"03/01/2018 00:42","14837.68"
"03/01/2018 00:43","14822.35"
"03/01/2018 00:44","14818.73"
"03/01/2018 00:45","14816.53"
"03/01/2018 00:46","14830.11"
"03/01/2018 00:47","14827.76"
"03/01/2018 00:48","14822.3"
"03/01/2018 00:49","14809.66"
"03/01/2018 00:50","14803.22"
"03/01/2018 00:51","14786.96"
"03/01/2018 00:52","14785.65"
"03/01/2018 00:53","14780.72"
"03/01/2018 00:54","14772.73"
"03/01/2018 00:55","14777.79"
"03/01/2018 00:56","14784.24"
"03/01/2018 00:57","14791.93"
"03/01/2018 00:58","14803.92"
"03/01/2018 00:59","14820.35"
"03/01/2018 01:00","14836.49"
"03/01/2018 01:01","14828.1"
"03/01/2018 01:02","14830.81"
"03/01/2018 01:03","14837.63"
"03/01/2018 01:04","14822.25"
"03/01/2018 01:05","14822.14"
"03/01/2018 01:06","14825.79"
"03/01/2018 01:07","14821.04"
"03/01/2018 01:08","14813.83"
"03/01/2018 01:09","14806.3"
"03/01/2018 01:10","14815.53"
"03/01/2018 01:11","14827.45"
"03/01/2018 01:12","14835.67"
"03/01/2018 01:13","14843.61"
"03/01/2018 01:14","14849.67"
"03/01/2018 01:15","14852.21"
"03/01/2018 01:16","14856.32"
"03/01/2018 01:17","14860.12"
"03/01/2018 01:18","14852.44"
"03/01/2018 01:19","14828.26"
"03/01/2018 01:20","14841.57"
"03/01/2018 01:21","14843.44"
"03/01/2018 01:22","14835.79"
"03/01/2018 01:23","14826.67"
"03/01/2018 01:24","14826.87"
"03/01/2018 01:25","14816.78"
"03/01/2018 01:26","14808.4"
"03/01/2018 01:27","14811.01"
"03/01/2018 01:28","14818.15"
"03/01/2018 01:29","14821.16"
"03/01/2018 01:30","14815.35"
"03/01/2018 01:31","14803.61"
"03/01/2018 01:32","14776.06"
"03/01/2018 01:33","14774.48"
"03/01/2018 01:34","14786.27"
"03/01/2018 01:35","14780.39"
"03/01/2018 01:36","14778.66"
"03/01/2018 01:37","14766.18"
"03/01/2018 01:38","14762.88"
"03/01/2018 01:39","14759.92"
"03/01/2018 01:40","14760.35"
"03/01/2018 01:41","14781.17"
"03/01/2018 01:42","14789.53"
"03/01/2018 01:43","14796.55"
"03/01/2018 01:44","14799.93"
"03/01/2018 01:45","14813.07"
"03/01/2018 01:46","14818.3"
"03/01/2018 01:47","14822.56"
"03/01/2018 01:48","14840.35"
"03/01/2018 01:49","14840.76"
"03/01/2018 01:50","14849.6"
"03/01/2018 01:51","14851.56"
"03/01/2018 01:52","14857.22"
"03/01/2018 01:53","14861.88"
"03/01/2018 01:54","14850.41"
"03/01/2018 01:55","14836.79"
"03/01/2018 01:56","14824.54"
"03/01/2018 01:57","14838.31"
"03/01/2018 01:58","14839.89"
"03/01/2018 01:59","14843.39"
"03/01/2018 02:00","14828.6"
"03/01/2018 02:01","14823.6"
"03/01/2018 02:02","14795.78"
"03/01/2018 02:03","14788.11"
"03/01/2018 02:04","14797.23"
"03/01/2018 02:05","14800.15"
"03/01/2018 02:06","14792.75"
"03/01/2018 02:07","14790.56"
"03/01/2018 02:08","14786.56"
"03/01/2018 02:09","14787.01"
"03/01/2018 02:10","14781.17"
"03/01/2018 02:11","14781.61"
"03/01/2018 02:12","14777.07"
"03/01/2018 02:13","14774.92"
"03/01/2018 02:14","14768.4"
"03/01/2018 02:15","14771.4"
"03/01/2018 02:16","14784.59"
"03/01/2018 02:17","14791.41"
"03/01/2018 02:18","14800.38"
"03/01/2018 02:19","14797.13"
"03/01/2018 02:20","14806.88"
"03/01/2018 02:21","14815.8"
"03/01/2018 02:22","14815.86"
"03/01/2018 02:23","14814.27"
"03/01/2018 02:24","14821.22"
"03/01/2018 02:25","14824.3"
"03/01/2018 02:26","14832.66"
"03/01/2018 02:27","14831.19"
"03/01/2018 02:28","14840.02"
"03/01/2018 02:29","14845.4"
"03/01/2018 02:30","14852.61"
"03/01/2018 02:31","14862.75"
"03/01/2018 02:32","14858.09"
"03/01/2018 02:33","14840.74"
"03/01/2018 02:34","14843.4"
"03/01/2018 02:35","14829.19"
"03/01/2018 02:36","14814.91"
"03/01/2018 02:37","14816.12"
"03/01/2018 02:38","14830.45"
"03/01/2018 02:39","14832.74"
"03/01/2018 02:40","14842.69"
"03/01/2018 02:41","14851.01"
"03/01/2018 02:42","14863.04"
"03/01/2018 02:43","14867.47"
"03/01/2018 02:44","14909.06"
"03/01/2018 02:45","14953.81"
"03/01/2018 02:46","14957.4"
"03/01/2018 02:47","14994.32"
"03/01/2018 02:48","15023.14"
"03/01/2018 02:49","15040.34"
"03/01/2018 02:50","15031.83"
"03/01/2018 02:51","15023.01"
"03/01/2018 02:52","15004.48"
"03/01/2018 02:53","15041.63"
"03/01/2018 02:54","15050.21"
"03/01/2018 02:55","15051.77"
"03/01/2018 02:56","15061.36"
"03/01/2018 02:57","15063.71"
"03/01/2018 02:58","15057.49"
"03/01/2018 02:59","15036.14"
"03/01/2018 03:00","15028.39"
"03/01/2018 03:01","15019.3"
"03/01/2018 03:02","15034.05"
"03/01/2018 03:03","15041.61"
"03/01/2018 03:04","15038.88"
"03/01/2018 03:05","15044.17"
"03/01/2018 03:06","15053.59"
"03/01/2018 03:07","15057.95"
"03/01/2018 03:08","15068.96"
"03/01/2018 03:09","15066.2"
"03/01/2018 03:10","15070.78"
"03/01/2018 03:11","15086.7"
"03/01/2018 03:12","15103.27"
"03/01/2018 03:13","15114.41"
"03/01/2018 03:14","15146.18"
"03/01/2018 03:15","15174.94"
"03/01/2018 03:16","15151.9"
"03/01/2018 03:17","15177.63"
"03/01/2018 03:18","15148.82"
"03/01/2018 03:19","15169.19"
"03/01/2018 03:20","15170.99"
"03/01/2018 03:21","15190.86"
"03/01/2018 03:22","15210.3"
"03/01/2018 03:23","15213.18"
"03/01/2018 03:24","15214.57"
"03/01/2018 03:25","15213.33"
"03/01/2018 03:26","15166.91"
"03/01/2018 03:27","15163.01"
"03/01/2018 03:28","15166.2"
"03/01/2018 03:29","15151.08"
"03/01/2018 03:30","15142.96"
"03/01/2018 03:31","15126.29"
"03/01/2018 03:32","15091.2"
"03/01/2018 03:33","15066.34"
"03/01/2018 03:34","15040.18"
"03/01/2018 03:35","15064.16"
"03/01/2018 03:36","15057.23"
"03/01/2018 03:37","15055.2"
"03/01/2018 03:38","15057.91"
"03/01/2018 03:39","15049.28"
"03/01/2018 03:40","15036.85"
"03/01/2018 03:41","14994.43"
"03/01/2018 03:42","14994.1"
"03/01/2018 03:43","15008.57"
"03/01/2018 03:44","15004.6"
"03/01/2018 03:45","15022.92"
"03/01/2018 03:46","15032.72"
"03/01/2018 03:47","15016.37"
"03/01/2018 03:48","15004.6"
"03/01/2018 03:49","14994.7"
"03/01/2018 03:50","14975.36"
"03/01/2018 03:51","14906.98"
"03/01/2018 03:52","14887.93"
"03/01/2018 03:53","14864.1"
"03/01/2018 03:54","14902.14"
"03/01/2018 03:55","14911.73"
"03/01/2018 03:56","14899.22"
"03/01/2018 03:57","14871.12"
"03/01/2018 03:58","14884.72"
"03/01/2018 03:59","14889.14"
"03/01/2018 04:00","14881.54"
"03/01/2018 04:01","14905.23"
"03/01/2018 04:02","14917.54"
"03/01/2018 04:03","14959.59"
"03/01/2018 04:04","14956.18"
"03/01/2018 04:05","14977.85"
"03/01/2018 04:06","14987.84"
"03/01/2018 04:07","14989.26"
"03/01/2018 04:08","14972.13"
"03/01/2018 04:09","14957.52"
"03/01/2018 04:10","14954.22"
"03/01/2018 04:11","14962.55"
"03/01/2018 04:12","14966.17"
"03/01/2018 04:13","14968.7"
"03/01/2018 04:14","14953.49"
"03/01/2018 04:15","14958.22"
"03/01/2018 04:16","14955.65"
"03/01/2018 04:17","14940.53"
"03/01/2018 04:18","14956.75"
"03/01/2018 04:19","14963.73"
"03/01/2018 04:20","14969.46"
"03/01/2018 04:21","14998.86"
"03/01/2018 04:22","15023.93"
"03/01/2018 04:23","15055.05"
"03/01/2018 04:24","15044.31"
"03/01/2018 04:25","15064.13"
"03/01/2018 04:26","15073.43"
"03/01/2018 04:27","15058.74"
"03/01/2018 04:28","15059.76"
"03/01/2018 04:29","15049.22"
"03/01/2018 04:30","15048.49"
"03/01/2018 04:31","15069.37"
"03/01/2018 04:32","15080.85"
"03/01/2018 04:33","15077.25"
"03/01/2018 04:34","15073.49"
"03/01/2018 04:35","15067.32"
"03/01/2018 04:36","15086.93"
"03/01/2018 04:37","15086.45"
"03/01/2018 04:38","15061.6"
"03/01/2018 04:39","15038.99"
"03/01/2018 04:40","15067.2"
"03/01/2018 04:41","15083.47"
"03/01/2018 04:42","15097.21"
"03/01/2018 04:43","15103.2"
"03/01/2018 04:44","15097.75"
"03/01/2018 04:45","15108.52"
"03/01/2018 04:46","15112.53"
"03/01/2018 04:47","15112.33"
"03/01/2018 04:48","15117.32"
"03/01/2018 04:49","15122.89"
"03/01/2018 04:50","15134.24"
"03/01/2018 04:51","15140.2"
"03/01/2018 04:52","15147.89"
"03/01/2018 04:53","15148.21"
"03/01/2018 04:54","15146.33"
"03/01/2018 04:55","15148.97"
"03/01/2018 04:56","15138.01"
"03/01/2018 04:57","15124.83"
"03/01/2018 04:58","15099.67"
"03/01/2018 04:59","15099.65"
"03/01/2018 05:00","15093.98"
"03/01/2018 05:01","15076"
"03/01/2018 05:02","15067.43"
"03/01/2018 05:03","15029.03"
"03/01/2018 05:04","15018.56"
"03/01/2018 05:05","15026.75"
"03/01/2018 05:06","15038.9"
"03/01/2018 05:07","15060.27"
"03/01/2018 05:08","15051.29"
"03/01/2018 05:09","15048.33"
"03/01/2018 05:10","15081.7"
"03/01/2018 05:11","15091.68"
"03/01/2018 05:12","15106.61"
"03/01/2018 05:13","15104.55"
"03/01/2018 05:14","15091.26"
"03/01/2018 05:15","15105.68"
"03/01/2018 05:16","15104.47"
"03/01/2018 05:17","15109.37"
"03/01/2018 05:18","15105.87"
"03/01/2018 05:19","15092.45"
"03/01/2018 05:20","15090.56"
"03/01/2018 05:21","15073.55"
"03/01/2018 05:22","15080.4"
"03/01/2018 05:23","15095.99"
"03/01/2018 05:24","15096.07"
"03/01/2018 05:25","15093.77"
"03/01/2018 05:26","15095.31"
"03/01/2018 05:27","15107.85"
"03/01/2018 05:28","15091.33"
"03/01/2018 05:29","15099.26"
"03/01/2018 05:30","15097.62"
"03/01/2018 05:31","15117.43"
"03/01/2018 05:32","15130.09"
"03/01/2018 05:33","15144.29"
"03/01/2018 05:34","15134.82"
"03/01/2018 05:35","15133.06"
"03/01/2018 05:36","15128.27"
"03/01/2018 05:37","15125.91"
"03/01/2018 05:38","15129.36"
"03/01/2018 05:39","15131.78"
"03/01/2018 05:40","15125.9"
"03/01/2018 05:41","15128.79"
"03/01/2018 05:42","15129.62"
"03/01/2018 05:43","15121.35"
"03/01/2018 05:44","15111.84"
"03/01/2018 05:45","15089.13"
"03/01/2018 05:46","15055.84"
"03/01/2018 05:47","15064.35"
"03/01/2018 05:48","15065.79"
"03/01/2018 05:49","15080.11"
"03/01/2018 05:50","15096.69"
"03/01/2018 05:51","15096.76"
"03/01/2018 05:52","15096.96"
"03/01/2018 05:53","15102.28"
"03/01/2018 05:54","15096.34"
"03/01/2018 05:55","15091.57"
"03/01/2018 05:56","15093.88"
"03/01/2018 05:57","15090.06"
"03/01/2018 05:58","15086.38"
"03/01/2018 05:59","15087.83"
"03/01/2018 06:00","15076.76"
"03/01/2018 06:01","15077.23"
"03/01/2018 06:02","15079.07"
"03/01/2018 06:03","15071.93"
"03/01/2018 06:04","15069.75"
"03/01/2018 06:05","15059.84"
"03/01/2018 06:06","15056.41"
"03/01/2018 06:07","15061.05"
"03/01/2018 06:08","15058.18"
"03/01/2018 06:09","15058.97"
"03/01/2018 06:10","15066.02"
"03/01/2018 06:11","15066.28"
"03/01/2018 06:12","15063.34"
"03/01/2018 06:13","15063.46"
"03/01/2018 06:14","15063.07"
"03/01/2018 06:15","15080.77"
"03/01/2018 06:16","15091.23"
"03/01/2018 06:17","15093.66"
"03/01/2018 06:18","15103.17"
"03/01/2018 06:19","15111.21"
"03/01/2018 06:20","15114.89"
"03/01/2018 06:21","15128.97"
"03/01/2018 06:22","15138.53"
"03/01/2018 06:23","15133"
"03/01/2018 06:24","15130.07"
"03/01/2018 06:25","15103.44"
"03/01/2018 06:26","15091.18"
"03/01/2018 06:27","15072.88"
"03/01/2018 06:28","15063.48"
"03/01/2018 06:29","15074.8"
"03/01/2018 06:30","15086.6"
"03/01/2018 06:31","15102.99"
"03/01/2018 06:32","15130.38"
"03/01/2018 06:33","15114.31"
"03/01/2018 06:34","15132.36"
"03/01/2018 06:35","15132.86"
"03/01/2018 06:36","15132.69"
"03/01/2018 06:37","15135.52"
"03/01/2018 06:38","15141.28"
"03/01/2018 06:39","15145.21"
"03/01/2018 06:40","15146.34"
"03/01/2018 06:41","15150.45"
"03/01/2018 06:42","15154.17"
"03/01/2018 06:43","15178.39"
"03/01/2018 06:44","15230.97"
"03/01/2018 06:45","15259.35"
"03/01/2018 06:46","15291.19"
"03/01/2018 06:47","15298.83"
"03/01/2018 06:48","15319.75"
"03/01/2018 06:49","15343.94"
"03/01/2018 06:50","15364.06"
"03/01/2018 06:51","15381.66"
"03/01/2018 06:52","15338.56"
"03/01/2018 06:53","15343.46"
"03/01/2018 06:54","15343.45"
"03/01/2018 06:55","15320.72"
"03/01/2018 06:56","15330.98"
"03/01/2018 06:57","15335.04"
"03/01/2018 06:58","15330.79"
"03/01/2018 06:59","15343.53"
"03/01/2018 07:00","15357.64"
"03/01/2018 07:01","15392.06"
"03/01/2018 07:02","15392.37"
"03/01/2018 07:03","15374.07"
"03/01/2018 07:04","15365.79"
"03/01/2018 07:05","15372.3"
"03/01/2018 07:06","15354.7"
"03/01/2018 07:07","15355.64"
"03/01/2018 07:08","15361.62"
"03/01/2018 07:09","15371.86"
"03/01/2018 07:10","15374.09"
"03/01/2018 07:11","15377.55"
"03/01/2018 07:12","15368.65"
"03/01/2018 07:13","15377.91"
"03/01/2018 07:14","15379.08"
"03/01/2018 07:15","15381.41"
"03/01/2018 07:16","15380.21"
"03/01/2018 07:17","15382.21"
"03/01/2018 07:18","15381.66"
"03/01/2018 07:19","15390.34"
"03/01/2018 07:20","15393.97"
"03/01/2018 07:21","15380.94"
"03/01/2018 07:22","15343.57"
"03/01/2018 07:23","15346.76"
"03/01/2018 07:24","15347.37"
"03/01/2018 07:25","15327.86"
"03/01/2018 07:26","15321.04"
"03/01/2018 07:27","15312.59"
"03/01/2018 07:28","15313.24"
"03/01/2018 07:29","15313.79"
"03/01/2018 07:30","15311"
"03/01/2018 07:31","15317.25"
"03/01/2018 07:32","15321.52"
"03/01/2018 07:33","15343.85"
"03/01/2018 07:34","15347.44"
"03/01/2018 07:35","15347.36"
"03/01/2018 07:36","15340.29"
"03/01/2018 07:37","15338.37"
"03/01/2018 07:38","15333.23"
"03/01/2018 07:39","15326.96"
"03/01/2018 07:40","15329.5"
"03/01/2018 07:41","15312.99"
"03/01/2018 07:42","15282.32"
"03/01/2018 07:43","15250.12"
"03/01/2018 07:44","15264.38"
"03/01/2018 07:45","15277.24"
"03/01/2018 07:46","15308.11"
"03/01/2018 07:47","15302.13"
"03/01/2018 07:48","15310.25"
"03/01/2018 07:49","15321.38"
"03/01/2018 07:50","15321.94"
"03/01/2018 07:51","15305.28"
"03/01/2018 07:52","15298.32"
"03/01/2018 07:53","15290.2"
"03/01/2018 07:54","15281.83"
"03/01/2018 07:55","15282.34"
"03/01/2018 07:56","15293.44"
"03/01/2018 07:57","15292.6"
"03/01/2018 07:58","15285.68"
"03/01/2018 07:59","15293.84"
"03/01/2018 08:00","15286.59"
"03/01/2018 08:01","15292.77"
"03/01/2018 08:02","15285.26"
"03/01/2018 08:03","15268.06"
"03/01/2018 08:04","15269.58"
"03/01/2018 08:05","15251.93"
"03/01/2018 08:06","15250.91"
"03/01/2018 08:07","15217.64"
"03/01/2018 08:08","15195.06"
"03/01/2018 08:09","15149.87"
"03/01/2018 08:10","15118.71"
"03/01/2018 08:11","15173.19"
"03/01/2018 08:12","15152.61"
"03/01/2018 08:13","15148.9"
"03/01/2018 08:14","15143.5"
"03/01/2018 08:15","15143.62"
"03/01/2018 08:16","15140.01"
"03/01/2018 08:17","15141.06"
"03/01/2018 08:18","15165.7"
"03/01/2018 08:19","15177.8"
"03/01/2018 08:20","15188.81"
"03/01/2018 08:21","15185.07"
"03/01/2018 08:22","15187.1"
"03/01/2018 08:23","15173.53"
"03/01/2018 08:24","15164.81"
"03/01/2018 08:25","15144.29"
"03/01/2018 08:26","15134.71"
"03/01/2018 08:27","15121.29"
"03/01/2018 08:28","15106.24"
"03/01/2018 08:29","15104.78"
"03/01/2018 08:30","15129.63"
"03/01/2018 08:31","15169.4"
"03/01/2018 08:32","15187.81"
"03/01/2018 08:33","15201.37"
"03/01/2018 08:34","15211.79"
"03/01/2018 08:35","15223.28"
"03/01/2018 08:36","15226.2"
"03/01/2018 08:37","15221.03"
"03/01/2018 08:38","15220.1"
"03/01/2018 08:39","15216.42"
"03/01/2018 08:40","15208.08"
"03/01/2018 08:41","15209.32"
"03/01/2018 08:42","15207.44"
"03/01/2018 08:43","15205.91"
"03/01/2018 08:44","15214.6"
"03/01/2018 08:45","15206.29"
"03/01/2018 08:46","15200.71"
"03/01/2018 08:47","15193.5"
"03/01/2018 08:48","15201.94"
"03/01/2018 08:49","15201.23"
"03/01/2018 08:50","15208.64"
"03/01/2018 08:51","15201.75"
"03/01/2018 08:52","15172.82"
"03/01/2018 08:53","15171.69"
"03/01/2018 08:54","15170.4"
"03/01/2018 08:55","15142.78"
"03/01/2018 08:56","15129.87"
"03/01/2018 08:57","15124.85"
"03/01/2018 08:58","15114.31"
"03/01/2018 08:59","15105.53"
"03/01/2018 09:00","15106.34"
"03/01/2018 09:01","15130.3"
"03/01/2018 09:02","15118.23"
"03/01/2018 09:03","15116.62"
"03/01/2018 09:04","15108.65"
"03/01/2018 09:05","15081.86"
"03/01/2018 09:06","15038.11"
"03/01/2018 09:07","15012.56"
"03/01/2018 09:08","14975.88"
"03/01/2018 09:09","15001.42"
"03/01/2018 09:10","14988.34"
"03/01/2018 09:11","14948.37"
"03/01/2018 09:12","14938.91"
"03/01/2018 09:13","14918.78"
"03/01/2018 09:14","14941.36"
"03/01/2018 09:15","14954.57"
"03/01/2018 09:16","14937.55"
"03/01/2018 09:17","14936.35"
"03/01/2018 09:18","14934.42"
"03/01/2018 09:19","14929.51"
"03/01/2018 09:20","14919.12"
"03/01/2018 09:21","14896.51"
"03/01/2018 09:22","14864.24"
"03/01/2018 09:23","14859"
"03/01/2018 09:24","14867.01"
"03/01/2018 09:25","14860.41"
"03/01/2018 09:26","14850.72"
"03/01/2018 09:27","14828.56"
"03/01/2018 09:28","14839.17"
"03/01/2018 09:29","14852.18"
"03/01/2018 09:30","14860.94"
"03/01/2018 09:31","14860.45"
"03/01/2018 09:32","14854.94"
"03/01/2018 09:33","14860.04"
"03/01/2018 09:34","14852.53"
"03/01/2018 09:35","14857.59"
"03/01/2018 09:36","14878.51"
"03/01/2018 09:37","14922.91"
"03/01/2018 09:38","14915.23"
"03/01/2018 09:39","14939.31"
"03/01/2018 09:40","14941.95"
"03/01/2018 09:41","14951.23"
"03/01/2018 09:42","14923.52"
"03/01/2018 09:43","14933.38"
"03/01/2018 09:44","14954.27"
"03/01/2018 09:45","14965.43"
"03/01/2018 09:46","14962.68"
"03/01/2018 09:47","14951.93"
"03/01/2018 09:48","14935.35"
"03/01/2018 09:49","14932.73"
"03/01/2018 09:50","14918.32"
"03/01/2018 09:51","14897.86"
"03/01/2018 09:52","14866.13"
"03/01/2018 09:53","14865.13"
"03/01/2018 09:54","14858.59"
"03/01/2018 09:55","14831.18"
"03/01/2018 09:56","14839.68"
"03/01/2018 09:57","14872.44"
"03/01/2018 09:58","14860.41"
"03/01/2018 09:59","14843.48"
"03/01/2018 10:00","14838.73"
"03/01/2018 10:01","14850.64"
"03/01/2018 10:02","14840.74"
"03/01/2018 10:03","14866.85"
"03/01/2018 10:04","14882.24"
"03/01/2018 10:05","14881.25"
"03/01/2018 10:06","14895.95"
"03/01/2018 10:07","14875.91"
"03/01/2018 10:08","14842.46"
"03/01/2018 10:09","14820.4"
"03/01/2018 10:10","14789.63"
"03/01/2018 10:11","14766.48"
"03/01/2018 10:12","14744.71"
"03/01/2018 10:13","14712.49"
"03/01/2018 10:14","14713.43"
"03/01/2018 10:15","14694.47"
"03/01/2018 10:16","14699.83"
"03/01/2018 10:17","14682.67"
"03/01/2018 10:18","14672.51"
"03/01/2018 10:19","14663.32"
"03/01/2018 10:20","14641.71"
"03/01/2018 10:21","14599.21"
"03/01/2018 10:22","14616.28"
"03/01/2018 10:23","14612.96"
"03/01/2018 10:24","14604.88"
"03/01/2018 10:25","14588.59"
"03/01/2018 10:26","14599.79"
"03/01/2018 10:27","14632.94"
"03/01/2018 10:28","14649.56"
"03/01/2018 10:29","14646.07"
"03/01/2018 10:30","14661.84"
"03/01/2018 10:31","14673.39"
"03/01/2018 10:32","14683.77"
"03/01/2018 10:33","14697.07"
"03/01/2018 10:34","14709.69"
"03/01/2018 10:35","14725.13"
"03/01/2018 10:36","14705.34"
"03/01/2018 10:37","14709.71"
"03/01/2018 10:38","14710.62"
"03/01/2018 10:39","14700.25"
"03/01/2018 10:40","14681.91"
"03/01/2018 10:41","14658.13"
"03/01/2018 10:42","14653.84"
"03/01/2018 10:43","14662.08"
"03/01/2018 10:44","14705.23"
"03/01/2018 10:45","14703.46"
"03/01/2018 10:46","14710.11"
"03/01/2018 10:47","14714.88"
"03/01/2018 10:48","14724.94"
"03/01/2018 10:49","14725.28"
"03/01/2018 10:50","14726.42"
"03/01/2018 10:51","14732.48"
"03/01/2018 10:52","14726.26"
"03/01/2018 10:53","14740.34"
"03/01/2018 10:54","14746"
"03/01/2018 10:55","14734.99"
"03/01/2018 10:56","14726.47"
"03/01/2018 10:57","14725.69"
"03/01/2018 10:58","14706.18"
"03/01/2018 10:59","14709.95"
"03/01/2018 11:00","14712.19"
"03/01/2018 11:01","14727.31"
"03/01/2018 11:02","14735.76"
"03/01/2018 11:03","14760.53"
"03/01/2018 11:04","14769.5"
"03/01/2018 11:05","14789.36"
"03/01/2018 11:06","14780.21"
"03/01/2018 11:07","14809.76"
"03/01/2018 11:08","14806.72"
"03/01/2018 11:09","14801.67"
"03/01/2018 11:10","14786.32"
"03/01/2018 11:11","14778.03"
"03/01/2018 11:12","14771.49"
"03/01/2018 11:13","14751.25"
"03/01/2018 11:14","14751.56"
"03/01/2018 11:15","14758.1"
"03/01/2018 11:16","14769.64"
"03/01/2018 11:17","14783.35"
"03/01/2018 11:18","14781.52"
"03/01/2018 11:19","14765.1"
"03/01/2018 11:20","14749.87"
"03/01/2018 11:21","14747.53"
"03/01/2018 11:22","14737.47"
"03/01/2018 11:23","14727.53"
"03/01/2018 11:24","14741.95"
"03/01/2018 11:25","14742.22"
"03/01/2018 11:26","14725.38"
"03/01/2018 11:27","14723.46"
"03/01/2018 11:28","14723.53"
"03/01/2018 11:29","14717.49"
"03/01/2018 11:30","14714.79"
"03/01/2018 11:31","14712.01"
"03/01/2018 11:32","14755.5"
"03/01/2018 11:33","14782.79"
"03/01/2018 11:34","14787.56"
"03/01/2018 11:35","14783.81"
"03/01/2018 11:36","14790.84"
"03/01/2018 11:37","14804.98"
"03/01/2018 11:38","14812.87"
"03/01/2018 11:39","14817.73"
"03/01/2018 11:40","14825.48"
"03/01/2018 11:41","14821.57"
"03/01/2018 11:42","14829.77"
"03/01/2018 11:43","14835.77"
"03/01/2018 11:44","14848.15"
"03/01/2018 11:45","14865.71"
"03/01/2018 11:46","14867"
"03/01/2018 11:47","14869.17"
"03/01/2018 11:48","14857.16"
"03/01/2018 11:49","14847.6"
"03/01/2018 11:50","14858.22"
"03/01/2018 11:51","14869.3"
"03/01/2018 11:52","14871.33"
"03/01/2018 11:53","14881.27"
"03/01/2018 11:54","14880.1"
"03/01/2018 11:55","14878.91"
"03/01/2018 11:56","14881.98"
"03/01/2018 11:57","14886.46"
"03/01/2018 11:58","14888.21"
"03/01/2018 11:59","14889.11"
"03/01/2018 12:00","14889.47"
"03/01/2018 12:01","14896.83"
"03/01/2018 12:02","14897.71"
"03/01/2018 12:03","14903.12"
"03/01/2018 12:04","14903.22"
"03/01/2018 12:05","14902.74"
"03/01/2018 12:06","14897.42"
"03/01/2018 12:07","14895.8"
"03/01/2018 12:08","14876.77"
"03/01/2018 12:09","14867.96"
"03/01/2018 12:10","14853.38"
"03/01/2018 12:11","14845.63"
"03/01/2018 12:12","14850.75"
"03/01/2018 12:13","14845.42"
"03/01/2018 12:14","14856.42"
"03/01/2018 12:15","14860.41"
"03/01/2018 12:16","14859.25"
"03/01/2018 12:17","14866.94"
"03/01/2018 12:18","14894.44"
"03/01/2018 12:19","14904.57"
"03/01/2018 12:20","14907.06"
"03/01/2018 12:21","14894.36"
"03/01/2018 12:22","14882.39"
"03/01/2018 12:23","14882.85"
"03/01/2018 12:24","14886.09"
"03/01/2018 12:25","14888.93"
"03/01/2018 12:26","14897.49"
"03/01/2018 12:27","14889.91"
"03/01/2018 12:28","14893.1"
"03/01/2018 12:29","14885.69"
"03/01/2018 12:30","14868.7"
"03/01/2018 12:31","14851.06"
"03/01/2018 12:32","14844.02"
"03/01/2018 12:33","14855.89"
"03/01/2018 12:34","14836.07"
"03/01/2018 12:35","14824.36"
"03/01/2018 12:36","14805.3"
"03/01/2018 12:37","14771.47"
"03/01/2018 12:38","14764.64"
"03/01/2018 12:39","14753.65"
"03/01/2018 12:40","14751.96"
"03/01/2018 12:41","14758.73"
"03/01/2018 12:42","14744.88"
"03/01/2018 12:43","14745.14"
"03/01/2018 12:44","14753.83"
"03/01/2018 12:45","14752.66"
"03/01/2018 12:46","14748.83"
"03/01/2018 12:47","14758.82"
"03/01/2018 12:48","14757.49"
"03/01/2018 12:49","14755.13"
"03/01/2018 12:50","14764.57"
"03/01/2018 12:51","14769.16"
"03/01/2018 12:52","14774.86"
"03/01/2018 12:53","14756.47"
"03/01/2018 12:54","14730.63"
"03/01/2018 12:55","14680.39"
"03/01/2018 12:56","14678.03"
"03/01/2018 12:57","14648.83"
"03/01/2018 12:58","14612.82"
"03/01/2018 12:59","14602.94"
"03/01/2018 13:00","14610.92"
"03/01/2018 13:01","14616.97"
"03/01/2018 13:02","14633.29"
"03/01/2018 13:03","14663.53"
"03/01/2018 13:04","14667.24"
"03/01/2018 13:05","14669.41"
"03/01/2018 13:06","14673.65"
"03/01/2018 13:07","14685.45"
"03/01/2018 13:08","14691.92"
"03/01/2018 13:09","14692.61"
"03/01/2018 13:10","14711.68"
"03/01/2018 13:11","14742.65"
"03/01/2018 13:12","14733.43"
"03/01/2018 13:13","14735.61"
"03/01/2018 13:14","14737.89"
"03/01/2018 13:15","14757.69"
"03/01/2018 13:16","14761"
"03/01/2018 13:17","14738.01"
"03/01/2018 13:18","14727.59"
"03/01/2018 13:19","14743.41"
"03/01/2018 13:20","14745"
"03/01/2018 13:21","14751.78"
"03/01/2018 13:22","14753.76"
"03/01/2018 13:23","14751.99"
"03/01/2018 13:24","14756.39"
"03/01/2018 13:25","14757.61"
"03/01/2018 13:26","14766.81"
"03/01/2018 13:27","14772.87"
"03/01/2018 13:28","14782.14"
"03/01/2018 13:29","14782.89"
"03/01/2018 13:30","14787.89"
"03/01/2018 13:31","14793.11"
"03/01/2018 13:32","14803.45"
"03/01/2018 13:33","14810.67"
"03/01/2018 13:34","14814.32"
"03/01/2018 13:35","14819.18"
"03/01/2018 13:36","14827.91"
"03/01/2018 13:37","14856.57"
"03/01/2018 13:38","14873.45"
"03/01/2018 13:39","14892.88"
"03/01/2018 13:40","14895.9"
"03/01/2018 13:41","14897.04"
"03/01/2018 13:42","14890.7"
"03/01/2018 13:43","14873.55"
"03/01/2018 13:44","14885.93"
"03/01/2018 13:45","14886.7"
"03/01/2018 13:46","14880.67"
"03/01/2018 13:47","14878.72"
"03/01/2018 13:48","14882.36"
"03/01/2018 13:49","14893.29"
"03/01/2018 13:50","14907.1"
"03/01/2018 13:51","14923.01"
"03/01/2018 13:52","14938.01"
"03/01/2018 13:53","14941.41"
"03/01/2018 13:54","14949.61"
"03/01/2018 13:55","14953.43"
"03/01/2018 13:56","14962.09"
"03/01/2018 13:57","14967.84"
"03/01/2018 13:58","14964.64"
"03/01/2018 13:59","14957.92"
"03/01/2018 14:00","14947.67"
"03/01/2018 14:01","14946.98"
"03/01/2018 14:02","14952.19"
"03/01/2018 14:03","14954.49"
"03/01/2018 14:04","14957.11"
"03/01/2018 14:05","14963.9"
"03/01/2018 14:06","14971.71"
"03/01/2018 14:07","14987.38"
"03/01/2018 14:08","15002.36"
"03/01/2018 14:09","15011.06"
"03/01/2018 14:10","14967.02"
"03/01/2018 14:11","14953.04"
"03/01/2018 14:12","14964.76"
"03/01/2018 14:13","14979.54"
"03/01/2018 14:14","14984.52"
"03/01/2018 14:15","14978.68"
"03/01/2018 14:16","14974.8"
"03/01/2018 14:17","14974.05"
"03/01/2018 14:18","14970.45"
"03/01/2018 14:19","14973.85"
"03/01/2018 14:20","14977.84"
"03/01/2018 14:21","14982.51"
"03/01/2018 14:22","14987.78"
"03/01/2018 14:23","15019.82"
"03/01/2018 14:24","15028.15"
"03/01/2018 14:25","15054.81"
"03/01/2018 14:26","15073.04"
"03/01/2018 14:27","15066.68"
"03/01/2018 14:28","15065.48"
"03/01/2018 14:29","15074.24"
"03/01/2018 14:30","15077.01"
"03/01/2018 14:31","15060.57"
"03/01/2018 14:32","15023.78"
"03/01/2018 14:33","15001.66"
"03/01/2018 14:34","15001.08"
"03/01/2018 14:35","15005.88"
"03/01/2018 14:36","15004.57"
"03/01/2018 14:37","14982.36"
"03/01/2018 14:38","14962.76"
"03/01/2018 14:39","14926.43"
"03/01/2018 14:40","14910.3"
"03/01/2018 14:41","14945.97"
"03/01/2018 14:42","14926.1"
"03/01/2018 14:43","14929.46"
"03/01/2018 14:44","14938.89"
"03/01/2018 14:45","14950.49"
"03/01/2018 14:46","14959.17"
"03/01/2018 14:47","14972.46"
"03/01/2018 14:48","14981.2"
"03/01/2018 14:49","14978.15"
"03/01/2018 14:50","14978.96"
"03/01/2018 14:51","14964.92"
"03/01/2018 14:52","14928.13"
"03/01/2018 14:53","14902.16"
"03/01/2018 14:54","14926.1"
"03/01/2018 14:55","14915.6"
"03/01/2018 14:56","14928.05"
"03/01/2018 14:57","14913.82"
"03/01/2018 14:58","14909.23"
"03/01/2018 14:59","14901.53"
"03/01/2018 15:00","14883.86"
"03/01/2018 15:01","14907.12"
"03/01/2018 15:02","14934.97"
"03/01/2018 15:03","14940.75"
"03/01/2018 15:04","14964.32"
"03/01/2018 15:05","14979.42"
"03/01/2018 15:06","14984.19"
"03/01/2018 15:07","14974.91"
"03/01/2018 15:08","14977.29"
"03/01/2018 15:09","14987.34"
"03/01/2018 15:10","14977.62"
"03/01/2018 15:11","14954.06"
"03/01/2018 15:12","14963.56"
"03/01/2018 15:13","14973.83"
"03/01/2018 15:14","14993.03"
"03/01/2018 15:15","15026.62"
"03/01/2018 15:16","15038.68"
"03/01/2018 15:17","15024.73"
"03/01/2018 15:18","15015.84"
"03/01/2018 15:19","15022.39"
"03/01/2018 15:20","15022.84"
"03/01/2018 15:21","15035.74"
"03/01/2018 15:22","15032.51"
"03/01/2018 15:23","15036.38"
"03/01/2018 15:24","15047.06"
"03/01/2018 15:25","15062.09"
"03/01/2018 15:26","15063.01"
"03/01/2018 15:27","15051.51"
"03/01/2018 15:28","15049.05"
"03/01/2018 15:29","15057.75"
"03/01/2018 15:30","15065.54"
"03/01/2018 15:31","15059.65"
"03/01/2018 15:32","15058.88"
"03/01/2018 15:33","15055.04"
"03/01/2018 15:34","15042.34"
"03/01/2018 15:35","15034.53"
"03/01/2018 15:36","15033.22"
"03/01/2018 15:37","15026.81"
"03/01/2018 15:38","15001.97"
"03/01/2018 15:39","15002.84"
"03/01/2018 15:40","15008.16"
"03/01/2018 15:41","15002.53"
"03/01/2018 15:42","15000.41"
"03/01/2018 15:43","15003.75"
"03/01/2018 15:44","15018.58"
"03/01/2018 15:45","15049.27"
"03/01/2018 15:46","15049.88"
"03/01/2018 15:47","15049.88"
"03/01/2018 15:48","15044.49"
"03/01/2018 15:49","15049.99"
"03/01/2018 15:50","15046.75"
"03/01/2018 15:51","15050.95"
"03/01/2018 15:52","15052.65"
"03/01/2018 15:53","15058.23"
"03/01/2018 15:54","15058.56"
"03/01/2018 15:55","15062.94"
"03/01/2018 15:56","15059.32"
"03/01/2018 15:57","15059.68"
"03/01/2018 15:58","15061.46"
"03/01/2018 15:59","15074.82"
"03/01/2018 16:00","15093.75"
"03/01/2018 16:01","15100.93"
"03/01/2018 16:02","15106.01"
"03/01/2018 16:03","15120.74"
"03/01/2018 16:04","15134.02"
"03/01/2018 16:05","15137.02"
"03/01/2018 16:06","15144.26"
"03/01/2018 16:07","15140.82"
"03/01/2018 16:08","15147.42"
"03/01/2018 16:09","15143.08"
"03/01/2018 16:10","15143.01"
"03/01/2018 16:11","15143.61"
"03/01/2018 16:12","15149.02"
"03/01/2018 16:13","15161.32"
"03/01/2018 16:14","15180.27"
"03/01/2018 16:15","15190.66"
"03/01/2018 16:16","15191.81"
"03/01/2018 16:17","15189.09"
"03/01/2018 16:18","15193.78"
"03/01/2018 16:19","15192.62"
"03/01/2018 16:20","15174.79"
"03/01/2018 16:21","15179.45"
"03/01/2018 16:22","15181.66"
"03/01/2018 16:23","15176.8"
"03/01/2018 16:24","15182.86"
"03/01/2018 16:25","15180.88"
"03/01/2018 16:26","15187.82"
"03/01/2018 16:27","15217.12"
"03/01/2018 16:28","15218.32"
"03/01/2018 16:29","15222.85"
"03/01/2018 16:30","15192.39"
"03/01/2018 16:31","15138.61"
"03/01/2018 16:32","15137.94"
"03/01/2018 16:33","15119.27"
"03/01/2018 16:34","15111.83"
"03/01/2018 16:35","15087.65"
"03/01/2018 16:36","15093.38"
"03/01/2018 16:37","15082.55"
"03/01/2018 16:38","15079.52"
"03/01/2018 16:39","15074.76"
"03/01/2018 16:40","15087.67"
"03/01/2018 16:41","15109.31"
"03/01/2018 16:42","15114.46"
"03/01/2018 16:43","15122.61"
"03/01/2018 16:44","15116.22"
"03/01/2018 16:45","15115.85"
"03/01/2018 16:46","15089.96"
"03/01/2018 16:47","15085.5"
"03/01/2018 16:48","15089.41"
"03/01/2018 16:49","15090.28"
"03/01/2018 16:50","15094.38"
"03/01/2018 16:51","15091.89"
"03/01/2018 16:52","15112.35"
"03/01/2018 16:53","15115.74"
"03/01/2018 16:54","15127.93"
"03/01/2018 16:55","15119.71"
"03/01/2018 16:56","15118.67"
"03/01/2018 16:57","15116.5"
"03/01/2018 16:58","15116.4"
"03/01/2018 16:59","15114.73"
"03/01/2018 17:00","15110.38"
"03/01/2018 17:01","15103.58"
"03/01/2018 17:02","15105.15"
"03/01/2018 17:03","15116.5"
"03/01/2018 17:04","15106.85"
"03/01/2018 17:05","15093.3"
"03/01/2018 17:06","15091.7"
"03/01/2018 17:07","15072.97"
"03/01/2018 17:08","15033.6"
"03/01/2018 17:09","15034.26"
"03/01/2018 17:10","15048.79"
"03/01/2018 17:11","15035.63"
"03/01/2018 17:12","15045.33"
"03/01/2018 17:13","15043.58"
"03/01/2018 17:14","15049.69"
"03/01/2018 17:15","15053.37"
"03/01/2018 17:16","15063.22"
"03/01/2018 17:17","15107.08"
"03/01/2018 17:18","15106.61"
"03/01/2018 17:19","15065.65"
"03/01/2018 17:20","15084.14"
"03/01/2018 17:21","15086.14"
"03/01/2018 17:22","15082.82"
"03/01/2018 17:23","15064.56"
"03/01/2018 17:24","15058.97"
"03/01/2018 17:25","15058.46"
"03/01/2018 17:26","15091.34"
"03/01/2018 17:27","15069.76"
"03/01/2018 17:28","15072.07"
"03/01/2018 17:29","15075.42"
"03/01/2018 17:30","15076.8"
"03/01/2018 17:31","15075.77"
"03/01/2018 17:32","15076.89"
"03/01/2018 17:33","15078.92"
"03/01/2018 17:34","15071.97"
"03/01/2018 17:35","15077.71"
"03/01/2018 17:36","15073.36"
"03/01/2018 17:37","15065.75"
"03/01/2018 17:38","15071.86"
"03/01/2018 17:39","15086.96"
"03/01/2018 17:40","15064.96"
"03/01/2018 17:41","15074.39"
"03/01/2018 17:42","15055.96"
"03/01/2018 17:43","15049.53"
"03/01/2018 17:44","15060.25"
"03/01/2018 17:45","15053.32"
"03/01/2018 17:46","15055.85"
"03/01/2018 17:47","15056.5"
"03/01/2018 17:48","15056.63"
"03/01/2018 17:49","15053.86"
"03/01/2018 17:50","15047.88"
"03/01/2018 17:51","15060.33"
"03/01/2018 17:52","15051.29"
"03/01/2018 17:53","15041.15"
"03/01/2018 17:54","15031.27"
"03/01/2018 17:55","15007.45"
"03/01/2018 17:56","14971.81"
"03/01/2018 17:57","14926.21"
"03/01/2018 17:58","14942.45"
"03/01/2018 17:59","14916.73"
"03/01/2018 18:00","14907.46"
"03/01/2018 18:01","14904.76"
"03/01/2018 18:02","14923.24"
"03/01/2018 18:03","14924.97"
"03/01/2018 18:04","14931.23"
"03/01/2018 18:05","14912.66"
"03/01/2018 18:06","14898.4"
"03/01/2018 18:07","14891.26"
"03/01/2018 18:08","14894.65"
"03/01/2018 18:09","14908.37"
"03/01/2018 18:10","14923.5"
"03/01/2018 18:11","14919.6"
"03/01/2018 18:12","14925.06"
"03/01/2018 18:13","14914.36"
"03/01/2018 18:14","14904.77"
"03/01/2018 18:15","14901.98"
"03/01/2018 18:16","14901.23"
"03/01/2018 18:17","14904.64"
"03/01/2018 18:18","14905.66"
"03/01/2018 18:19","14896.98"
"03/01/2018 18:20","14896.61"
"03/01/2018 18:21","14875.06"
"03/01/2018 18:22","14848.73"
"03/01/2018 18:23","14865.49"
"03/01/2018 18:24","14894.01"
"03/01/2018 18:25","14895.08"
"03/01/2018 18:26","14904.08"
"03/01/2018 18:27","14903.89"
"03/01/2018 18:28","14899.57"
"03/01/2018 18:29","14886.6"
"03/01/2018 18:30","14875.05"
"03/01/2018 18:31","14868.58"
"03/01/2018 18:32","14847.01"
"03/01/2018 18:33","14836.49"
"03/01/2018 18:34","14832.84"
"03/01/2018 18:35","14808"
"03/01/2018 18:36","14836.22"
"03/01/2018 18:37","14864.71"
"03/01/2018 18:38","14876.78"
"03/01/2018 18:39","14881.16"
"03/01/2018 18:40","14889.61"
"03/01/2018 18:41","14879.32"
"03/01/2018 18:42","14881.69"
"03/01/2018 18:43","14881.24"
"03/01/2018 18:44","14893.02"
"03/01/2018 18:45","14894.26"
"03/01/2018 18:46","14878.81"
"03/01/2018 18:47","14876.69"
"03/01/2018 18:48","14866.17"
"03/01/2018 18:49","14871.95"
"03/01/2018 18:50","14887.99"
"03/01/2018 18:51","14909.95"
"03/01/2018 18:52","14897.93"
"03/01/2018 18:53","14899.5"
"03/01/2018 18:54","14900.46"
"03/01/2018 18:55","14888.14"
"03/01/2018 18:56","14891.95"
"03/01/2018 18:57","14883.98"
"03/01/2018 18:58","14865.6"
"03/01/2018 18:59","14813.47"
"03/01/2018 19:00","14788.64"
"03/01/2018 19:01","14779.35"
"03/01/2018 19:02","14786.29"
"03/01/2018 19:03","14802.92"
"03/01/2018 19:04","14813.8"
"03/01/2018 19:05","14817.36"
"03/01/2018 19:06","14834.35"
"03/01/2018 19:07","14826.95"
"03/01/2018 19:08","14825.93"
"03/01/2018 19:09","14848.6"
"03/01/2018 19:10","14877.86"
"03/01/2018 19:11","14875.61"
"03/01/2018 19:12","14870.44"
"03/01/2018 19:13","14854.44"
"03/01/2018 19:14","14856.67"
"03/01/2018 19:15","14861.62"
"03/01/2018 19:16","14892.75"
"03/01/2018 19:17","14885.09"
"03/01/2018 19:18","14898.11"
"03/01/2018 19:19","14895.02"
"03/01/2018 19:20","14894.54"
"03/01/2018 19:21","14891.8"
"03/01/2018 19:22","14901.89"
"03/01/2018 19:23","14890.81"
"03/01/2018 19:24","14879.25"
"03/01/2018 19:25","14874.32"
"03/01/2018 19:26","14884.72"
"03/01/2018 19:27","14885.34"
"03/01/2018 19:28","14888.74"
"03/01/2018 19:29","14892.62"
"03/01/2018 19:30","14888.1"
"03/01/2018 19:31","14883.36"
"03/01/2018 19:32","14878.08"
"03/01/2018 19:33","14873.6"
"03/01/2018 19:34","14870.4"
"03/01/2018 19:35","14854.73"
"03/01/2018 19:36","14841.08"
"03/01/2018 19:37","14809.32"
"03/01/2018 19:38","14797.84"
"03/01/2018 19:39","14794.22"
"03/01/2018 19:40","14812.88"
"03/01/2018 19:41","14819.26"
"03/01/2018 19:42","14845.43"
"03/01/2018 19:43","14840.83"
"03/01/2018 19:44","14842.31"
"03/01/2018 19:45","14839.27"
"03/01/2018 19:46","14830.41"
"03/01/2018 19:47","14802.59"
"03/01/2018 19:48","14799.96"
"03/01/2018 19:49","14793.68"
"03/01/2018 19:50","14784.56"
"03/01/2018 19:51","14782.76"
"03/01/2018 19:52","14785.59"
"03/01/2018 19:53","14787.37"
"03/01/2018 19:54","14791.37"
"03/01/2018 19:55","14792.08"
"03/01/2018 19:56","14781.75"
"03/01/2018 19:57","14785.58"
"03/01/2018 19:58","14785.74"
"03/01/2018 19:59","14777.19"
"03/01/2018 20:00","14758.88"
"03/01/2018 20:01","14763.36"
"03/01/2018 20:02","14746.4"
"03/01/2018 20:03","14757.14"
"03/01/2018 20:04","14770.78"
"03/01/2018 20:05","14782.34"
"03/01/2018 20:06","14780.26"
"03/01/2018 20:07","14796.13"
"03/01/2018 20:08","14801.93"
"03/01/2018 20:09","14795.66"
"03/01/2018 20:10","14820.36"
"03/01/2018 20:11","14813.8"
"03/01/2018 20:12","14805.17"
"03/01/2018 20:13","14810"
"03/01/2018 20:14","14798.01"
"03/01/2018 20:15","14795.17"
"03/01/2018 20:16","14807.17"
"03/01/2018 20:17","14806.91"
"03/01/2018 20:18","14803.02"
"03/01/2018 20:19","14809.98"
"03/01/2018 20:20","14804"
"03/01/2018 20:21","14811.19"
"03/01/2018 20:22","14800.57"
"03/01/2018 20:23","14793.54"
"03/01/2018 20:24","14798.27"
"03/01/2018 20:25","14819.19"
"03/01/2018 20:26","14823.89"
"03/01/2018 20:27","14800"
"03/01/2018 20:28","14793.11"
"03/01/2018 20:29","14784.72"
"03/01/2018 20:30","14792.28"
"03/01/2018 20:31","14792.32"
"03/01/2018 20:32","14813.06"
"03/01/2018 20:33","14807.89"
"03/01/2018 20:34","14818.42"
"03/01/2018 20:35","14826.96"
"03/01/2018 20:36","14820.45"
"03/01/2018 20:37","14827.84"
"03/01/2018 20:38","14833.08"
"03/01/2018 20:39","14835.06"
"03/01/2018 20:40","14841.24"
"03/01/2018 20:41","14841.49"
"03/01/2018 20:42","14843.24"
"03/01/2018 20:43","14849.26"
"03/01/2018 20:44","14842.05"
"03/01/2018 20:45","14840.47"
"03/01/2018 20:46","14851.93"
"03/01/2018 20:47","14850.04"
"03/01/2018 20:48","14853"
"03/01/2018 20:49","14877.31"
"03/01/2018 20:50","14913.6"
"03/01/2018 20:51","14903.95"
"03/01/2018 20:52","14899.3"
"03/01/2018 20:53","14918.71"
"03/01/2018 20:54","14946.55"
"03/01/2018 20:55","14950.56"
"03/01/2018 20:56","14966.16"
"03/01/2018 20:57","14978.81"
"03/01/2018 20:58","14973.04"
"03/01/2018 20:59","14973.31"
"03/01/2018 21:00","14969.57"
"03/01/2018 21:01","14998.28"
"03/01/2018 21:02","14993.53"
"03/01/2018 21:03","14971.99"
"03/01/2018 21:04","14962.24"
"03/01/2018 21:05","14977.11"
"03/01/2018 21:06","14975.07"
"03/01/2018 21:07","14964.77"
"03/01/2018 21:08","14960.05"
"03/01/2018 21:09","14955.77"
"03/01/2018 21:10","14982.37"
"03/01/2018 21:11","14985.36"
"03/01/2018 21:12","14972.32"
"03/01/2018 21:13","14959.8"
"03/01/2018 21:14","14947.13"
"03/01/2018 21:15","14939.15"
"03/01/2018 21:16","14963.49"
"03/01/2018 21:17","14962.06"
"03/01/2018 21:18","14964.21"
"03/01/2018 21:19","14967.8"
"03/01/2018 21:20","14964.35"
"03/01/2018 21:21","14963.4"
"03/01/2018 21:22","14971.61"
"03/01/2018 21:23","14997.25"
"03/01/2018 21:24","14985.11"
"03/01/2018 21:25","14984"
"03/01/2018 21:26","14989.62"
"03/01/2018 21:27","14966.99"
"03/01/2018 21:28","14956.32"
"03/01/2018 21:29","14951.86"
"03/01/2018 21:30","14952.56"
"03/01/2018 21:31","14952.27"
"03/01/2018 21:32","14967.12"
"03/01/2018 21:33","14971.79"
"03/01/2018 21:34","14983.17"
"03/01/2018 21:35","14990.19"
"03/01/2018 21:36","14989.82"
"03/01/2018 21:37","15001.38"
"03/01/2018 21:38","15024.85"
"03/01/2018 21:39","15047.9"
"03/01/2018 21:40","15038.2"
"03/01/2018 21:41","15021.11"
"03/01/2018 21:42","15036.93"
"03/01/2018 21:43","15041.6"
"03/01/2018 21:44","15044.79"
"03/01/2018 21:45","15047.52"
"03/01/2018 21:46","15048.05"
"03/01/2018 21:47","15041.29"
"03/01/2018 21:48","15036.28"
"03/01/2018 21:49","15016.41"
"03/01/2018 21:50","15029.98"
"03/01/2018 21:51","15042.27"
"03/01/2018 21:52","15051.35"
"03/01/2018 21:53","15069.01"
"03/01/2018 21:54","15061.45"
"03/01/2018 21:55","15047.22"
"03/01/2018 21:56","15041.14"
"03/01/2018 21:57","15057.86"
"03/01/2018 21:58","15061.14"
"03/01/2018 21:59","15056.69"
"03/01/2018 22:00","15053.7"
"03/01/2018 22:01","15043.51"
"03/01/2018 22:02","15038.76"
"03/01/2018 22:03","15025.59"
"03/01/2018 22:04","15012.06"
"03/01/2018 22:05","15006.48"
"03/01/2018 22:06","15011.01"
"03/01/2018 22:07","15026.52"
"03/01/2018 22:08","15028.65"
"03/01/2018 22:09","15031.38"
"03/01/2018 22:10","15016.6"
"03/01/2018 22:11","15014.54"
"03/01/2018 22:12","15015.95"
"03/01/2018 22:13","15015.21"
"03/01/2018 22:14","15011.92"
"03/01/2018 22:15","15007.52"
"03/01/2018 22:16","15012.17"
"03/01/2018 22:17","15008.76"
"03/01/2018 22:18","15003.37"
"03/01/2018 22:19","15019.82"
"03/01/2018 22:20","15016.88"
"03/01/2018 22:21","15015.12"
"03/01/2018 22:22","15007.34"
"03/01/2018 22:23","15021.73"
"03/01/2018 22:24","15029.31"
"03/01/2018 22:25","15023.81"
"03/01/2018 22:26","15023.47"
"03/01/2018 22:27","15039.23"
"03/01/2018 22:28","15037.78"
"03/01/2018 22:29","15041.95"
"03/01/2018 22:30","15026.98"
"03/01/2018 22:31","15014.27"
"03/01/2018 22:32","14996.42"
"03/01/2018 22:33","14989.58"
"03/01/2018 22:34","15005.69"
"03/01/2018 22:35","15011.41"
"03/01/2018 22:36","15008.87"
"03/01/2018 22:37","15012.86"
"03/01/2018 22:38","15008.96"
"03/01/2018 22:39","15020.94"
"03/01/2018 22:40","15014.07"
"03/01/2018 22:41","15002.69"
"03/01/2018 22:42","14997.26"
"03/01/2018 22:43","14994.78"
"03/01/2018 22:44","14995.89"
"03/01/2018 22:45","14990.05"
"03/01/2018 22:46","14989.39"
"03/01/2018 22:47","14989.17"
"03/01/2018 22:48","14986.89"
"03/01/2018 22:49","14985.32"
"03/01/2018 22:50","14982.57"
"03/01/2018 22:51","14928.04"
"03/01/2018 22:52","14888.4"
"03/01/2018 22:53","14889.41"
"03/01/2018 22:54","14895.23"
"03/01/2018 22:55","14897.06"
"03/01/2018 22:56","14898.34"
"03/01/2018 22:57","14893.61"
"03/01/2018 22:58","14893.76"
"03/01/2018 22:59","14869.99"
"03/01/2018 23:00","14848.85"
"03/01/2018 23:01","14860.28"
"03/01/2018 23:02","14852.77"
"03/01/2018 23:03","14845.16"
"03/01/2018 23:04","14851.41"
"03/01/2018 23:05","14858.65"
"03/01/2018 23:06","14867.93"
"03/01/2018 23:07","14863.3"
"03/01/2018 23:08","14861.21"
"03/01/2018 23:09","14865.87"
"03/01/2018 23:10","14884.68"
"03/01/2018 23:11","14896.14"
"03/01/2018 23:12","14894.21"
"03/01/2018 23:13","14901.34"
"03/01/2018 23:14","14889.99"
"03/01/2018 23:15","14879.92"
"03/01/2018 23:16","14880.18"
"03/01/2018 23:17","14882.88"
"03/01/2018 23:18","14878.37"
"03/01/2018 23:19","14880.32"
"03/01/2018 23:20","14875.1"
"03/01/2018 23:21","14877.69"
"03/01/2018 23:22","14877.67"
"03/01/2018 23:23","14876.66"
"03/01/2018 23:24","14890.16"
"03/01/2018 23:25","14893.12"
"03/01/2018 23:26","14897.02"
"03/01/2018 23:27","14922.49"
"03/01/2018 23:28","14950.67"
"03/01/2018 23:29","14985.64"
"03/01/2018 23:30","15000.78"
"03/01/2018 23:31","15019.3"
"03/01/2018 23:32","15015.74"
"03/01/2018 23:33","15041.01"
"03/01/2018 23:34","15048.74"
"03/01/2018 23:35","15032.37"
"03/01/2018 23:36","15026.72"
"03/01/2018 23:37","15014.27"
"03/01/2018 23:38","15003.64"
"03/01/2018 23:39","15001.94"
"03/01/2018 23:40","15006.84"
"03/01/2018 23:41","15003.86"
"03/01/2018 23:42","15003.6"
"03/01/2018 23:43","15006.45"
"03/01/2018 23:44","15013.37"
"03/01/2018 23:45","15027.3"
"03/01/2018 23:46","15032.87"
"03/01/2018 23:47","15030.09"
"03/01/2018 23:48","15032.88"
"03/01/2018 23:49","15029.3"
"03/01/2018 23:50","15032.82"
"03/01/2018 23:51","15027.96"
"03/01/2018 23:52","15030.48"
"03/01/2018 23:53","15030.89"
"03/01/2018 23:54","15030.33"
"03/01/2018 23:55","15040.97"
"03/01/2018 23:56","15063.83"
"03/01/2018 23:57","15076.42"
"03/01/2018 23:58","15088.57"
"03/01/2018 23:59","15118.63"
"04/01/2018 00:01","15133.17"
"04/01/2018 00:02","15136.06"
"04/01/2018 00:03","15138.89"
"04/01/2018 00:04","15147.91"
"04/01/2018 00:05","15148.65"
"04/01/2018 00:06","15155.32"
"04/01/2018 00:07","15154.72"
"04/01/2018 00:08","15135.78"
"04/01/2018 00:09","15095.09"
"04/01/2018 00:10","15079.95"
"04/01/2018 00:11","15103.96"
"04/01/2018 00:12","15108.17"
"04/01/2018 00:13","15114.72"
"04/01/2018 00:14","15113.8"
"04/01/2018 00:15","15128.93"
"04/01/2018 00:16","15130.57"
"04/01/2018 00:17","15140.63"
"04/01/2018 00:18","15126.32"
"04/01/2018 00:19","15116.65"
"04/01/2018 00:20","15089.77"
"04/01/2018 00:21","15079.07"
"04/01/2018 00:22","15091.27"
"04/01/2018 00:23","15099.47"
"04/01/2018 00:24","15094.86"
"04/01/2018 00:25","15085.77"
"04/01/2018 00:26","15081.83"
"04/01/2018 00:27","15084.47"
"04/01/2018 00:29","15075.6"
"04/01/2018 00:30","15075.79"
"04/01/2018 00:31","15051.64"
"04/01/2018 00:32","15042.36"
"04/01/2018 00:33","15047.76"
"04/01/2018 00:34","15043.53"
"04/01/2018 00:35","15032.22"
"04/01/2018 00:36","15028.82"
"04/01/2018 00:37","15038.66"
"04/01/2018 00:38","15042.99"
"04/01/2018 00:39","15076.37"
"04/01/2018 00:40","15094.03"
"04/01/2018 00:41","15090.5"
"04/01/2018 00:42","15090.68"
"04/01/2018 00:43","15072.38"
"04/01/2018 00:44","15092.53"
"04/01/2018 00:45","15103.74"
"04/01/2018 00:46","15104.48"
"04/01/2018 00:47","15097.27"
"04/01/2018 00:48","15088.7"
"04/01/2018 00:49","15081.43"
"04/01/2018 00:50","15082.8"
"04/01/2018 00:51","15118.94"
"04/01/2018 00:52","15113.07"
"04/01/2018 00:53","15115.11"
"04/01/2018 00:54","15111.35"
"04/01/2018 00:55","15126.4"
"04/01/2018 00:56","15136.25"
"04/01/2018 00:57","15135.7"
"04/01/2018 00:58","15138.72"
"04/01/2018 00:59","15127.6"
"04/01/2018 01:00","15099.43"
"04/01/2018 01:01","15109.43"
"04/01/2018 01:02","15119.41"
"04/01/2018 01:03","15106.95"
"04/01/2018 01:04","15092.28"
"04/01/2018 01:05","15087.6"
"04/01/2018 01:06","15098.14"
"04/01/2018 01:07","15072.38"
"04/01/2018 01:08","15029.47"
"04/01/2018 01:09","15016.67"
"04/01/2018 01:10","15018.13"
"04/01/2018 01:11","15030.62"
"04/01/2018 01:12","15036.7"
"04/01/2018 01:13","15001.37"
"04/01/2018 01:14","15002.22"
"04/01/2018 01:15","15004.99"
"04/01/2018 01:16","14997.08"
"04/01/2018 01:17","15006.36"
"04/01/2018 01:18","15022.83"
"04/01/2018 01:19","15028.51"
"04/01/2018 01:20","15041.71"
"04/01/2018 01:21","15060.18"
"04/01/2018 01:22","15076.51"
"04/01/2018 01:23","15085.68"
"04/01/2018 01:24","15101.46"
"04/01/2018 01:25","15090.11"
"04/01/2018 01:26","15048.09"
"04/01/2018 01:27","15033.77"
"04/01/2018 01:28","15060.26"
"04/01/2018 01:29","15083.84"
"04/01/2018 01:30","15092.76"
"04/01/2018 01:31","15092.48"
"04/01/2018 01:32","15108.77"
"04/01/2018 01:33","15117.49"
"04/01/2018 01:34","15123.04"
"04/01/2018 01:35","15124.59"
"04/01/2018 01:36","15125.43"
"04/01/2018 01:37","15119.57"
"04/01/2018 01:38","15130.61"
"04/01/2018 01:39","15127.74"
"04/01/2018 01:40","15128.13"
"04/01/2018 01:41","15122.6"
"04/01/2018 01:42","15125.28"
"04/01/2018 01:43","15131.32"
"04/01/2018 01:44","15139.03"
"04/01/2018 01:45","15156.58"
"04/01/2018 01:46","15190.95"
"04/01/2018 01:47","15224.72"
"04/01/2018 01:48","15250.38"
"04/01/2018 01:49","15243.15"
"04/01/2018 01:50","15249.57"
"04/01/2018 01:51","15262.95"
"04/01/2018 01:52","15291.12"
"04/01/2018 01:53","15281.68"
"04/01/2018 01:54","15299.72"
"04/01/2018 01:55","15336.63"
"04/01/2018 01:56","15343.35"
"04/01/2018 01:57","15342.85"
"04/01/2018 01:58","15346.68"
"04/01/2018 01:59","15352.33"
"04/01/2018 02:00","15353.51"
"04/01/2018 02:01","15316.6"
"04/01/2018 02:02","15328.29"
"04/01/2018 02:03","15365.5"
"04/01/2018 02:04","15379.91"
"04/01/2018 02:05","15382.13"
"04/01/2018 02:06","15394.99"
"04/01/2018 02:07","15374.45"
"04/01/2018 02:08","15359.59"
"04/01/2018 02:09","15355.04"
"04/01/2018 02:10","15364.81"
"04/01/2018 02:11","15363.9"
"04/01/2018 02:12","15347.76"
"04/01/2018 02:13","15310.86"
"04/01/2018 02:14","15317.82"
"04/01/2018 02:15","15276.11"
"04/01/2018 02:16","15279.54"
"04/01/2018 02:17","15301.6"
"04/01/2018 02:18","15317.02"
"04/01/2018 02:19","15323.54"
"04/01/2018 02:20","15327.37"
"04/01/2018 02:21","15344.13"
"04/01/2018 02:22","15329.75"
"04/01/2018 02:23","15335.51"
"04/01/2018 02:24","15338.48"
"04/01/2018 02:25","15338.88"
"04/01/2018 02:26","15348.38"
"04/01/2018 02:27","15351.83"
"04/01/2018 02:28","15352.26"
"04/01/2018 02:29","15344.96"
"04/01/2018 02:30","15350.98"
"04/01/2018 02:31","15347.52"
"04/01/2018 02:32","15336.21"
"04/01/2018 02:33","15330.27"
"04/01/2018 02:34","15331.73"
"04/01/2018 02:35","15329.79"
"04/01/2018 02:36","15321.83"
"04/01/2018 02:37","15310.42"
"04/01/2018 02:38","15307.23"
"04/01/2018 02:39","15306.17"
"04/01/2018 02:40","15314.15"
"04/01/2018 02:41","15328.07"
"04/01/2018 02:42","15328.81"
"04/01/2018 02:43","15319.55"
"04/01/2018 02:44","15306.08"
"04/01/2018 02:45","15304.13"
"04/01/2018 02:46","15284.83"
"04/01/2018 02:47","15262.33"
"04/01/2018 02:48","15245.32"
"04/01/2018 02:49","15239.2"
"04/01/2018 02:50","15217.68"
"04/01/2018 02:51","15226.14"
"04/01/2018 02:52","15236.98"
"04/01/2018 02:53","15259.09"
"04/01/2018 02:54","15272.35"
"04/01/2018 02:55","15274.06"
"04/01/2018 02:56","15274.3"
"04/01/2018 02:57","15262.27"
"04/01/2018 02:58","15254.44"
"04/01/2018 02:59","15245.21"
"04/01/2018 03:00","15252.73"
"04/01/2018 03:01","15245.75"
"04/01/2018 03:02","15250.25"
"04/01/2018 03:03","15254.79"
"04/01/2018 03:04","15246.54"
"04/01/2018 03:05","15247.84"
"04/01/2018 03:06","15245.39"
"04/01/2018 03:07","15238.06"
"04/01/2018 03:08","15228.91"
"04/01/2018 03:09","15220.43"
"04/01/2018 03:10","15219.24"
"04/01/2018 03:11","15202.07"
"04/01/2018 03:12","15206.3"
"04/01/2018 03:13","15198.19"
"04/01/2018 03:14","15202.08"
"04/01/2018 03:15","15187.81"
"04/01/2018 03:16","15211.25"
"04/01/2018 03:17","15222.69"
"04/01/2018 03:18","15232.02"
"04/01/2018 03:19","15229.74"
"04/01/2018 03:20","15233.1"
"04/01/2018 03:21","15241.14"
"04/01/2018 03:22","15259.72"
"04/01/2018 03:23","15262.7"
"04/01/2018 03:24","15261.31"
"04/01/2018 03:25","15259.7"
"04/01/2018 03:26","15263.84"
"04/01/2018 03:27","15260.35"
"04/01/2018 03:28","15245.66"
"04/01/2018 03:29","15248.71"
"04/01/2018 03:30","15238.14"
"04/01/2018 03:31","15234.06"
"04/01/2018 03:32","15220.66"
"04/01/2018 03:33","15195.75"
"04/01/2018 03:34","15174.03"
"04/01/2018 03:35","15152.57"
"04/01/2018 03:36","15131.43"
"04/01/2018 03:37","15142.14"
"04/01/2018 03:38","15135.92"
"04/01/2018 03:39","15141.76"
"04/01/2018 03:40","15141.38"
"04/01/2018 03:41","15135.4"
"04/01/2018 03:42","15144.34"
"04/01/2018 03:43","15149.73"
"04/01/2018 03:44","15153.41"
"04/01/2018 03:45","15157.26"
"04/01/2018 03:46","15160.65"
"04/01/2018 03:47","15166.43"
"04/01/2018 03:48","15172.05"
"04/01/2018 03:49","15167.44"
"04/01/2018 03:50","15180.03"
"04/01/2018 03:51","15175.15"
"04/01/2018 03:52","15162.88"
"04/01/2018 03:53","15159.12"
"04/01/2018 03:54","15175.78"
"04/01/2018 03:55","15169.47"
"04/01/2018 03:56","15160.3"
"04/01/2018 03:57","15147.24"
"04/01/2018 03:58","15137.66"
"04/01/2018 03:59","15124.75"
"04/01/2018 04:00","15104.45"
"04/01/2018 04:01","15071.67"
"04/01/2018 04:02","15049.56"
"04/01/2018 04:03","15037.71"
"04/01/2018 04:04","14990.03"
"04/01/2018 04:05","14942.73"
"04/01/2018 04:06","14891.6"
"04/01/2018 04:07","14923.84"
"04/01/2018 04:08","14921.71"
"04/01/2018 04:09","14960.4"
"04/01/2018 04:10","14964.88"
"04/01/2018 04:11","14969.54"
"04/01/2018 04:12","14973.81"
"04/01/2018 04:13","14975.98"
"04/01/2018 04:14","14989.71"
"04/01/2018 04:15","14999.67"
"04/01/2018 04:16","14982.27"
"04/01/2018 04:17","14976.5"
"04/01/2018 04:18","14965.23"
"04/01/2018 04:19","14925.64"
"04/01/2018 04:20","14917.61"
"04/01/2018 04:21","14966.65"
"04/01/2018 04:22","14956.72"
"04/01/2018 04:23","14948.81"
"04/01/2018 04:24","14953.85"
"04/01/2018 04:25","14953.73"
"04/01/2018 04:26","14959.1"
"04/01/2018 04:27","14962.53"
"04/01/2018 04:28","14961.27"
"04/01/2018 04:29","14957.27"
"04/01/2018 04:30","14935.99"
"04/01/2018 04:31","14914.38"
"04/01/2018 04:32","14887.77"
"04/01/2018 04:33","14898.84"
"04/01/2018 04:34","14929.47"
"04/01/2018 04:35","14952.69"
"04/01/2018 04:36","14938.74"
"04/01/2018 04:37","14932.36"
"04/01/2018 04:38","14947.39"
"04/01/2018 04:39","14958.89"
"04/01/2018 04:40","14950.85"
"04/01/2018 04:41","14942.04"
"04/01/2018 04:42","14931.76"
"04/01/2018 04:43","14922.15"
"04/01/2018 04:44","14931.24"
"04/01/2018 04:45","14959.29"
"04/01/2018 04:46","14965.56"
"04/01/2018 04:47","14969.49"
"04/01/2018 04:48","14972.69"
"04/01/2018 04:49","14974.04"
"04/01/2018 04:50","14983.89"
"04/01/2018 04:51","14961.68"
"04/01/2018 04:52","14958.91"
"04/01/2018 04:53","14952.66"
"04/01/2018 04:54","14947.55"
"04/01/2018 04:55","14934.94"
"04/01/2018 04:56","14936.68"
"04/01/2018 04:57","14937.65"
"04/01/2018 04:58","14945.37"
"04/01/2018 04:59","14936.39"
"04/01/2018 05:00","14939.22"
"04/01/2018 05:01","14940.88"
"04/01/2018 05:02","14938"
"04/01/2018 05:03","14947.27"
"04/01/2018 05:04","14942.71"
"04/01/2018 05:05","14926.99"
"04/01/2018 05:06","14925.11"
"04/01/2018 05:07","14922.32"
"04/01/2018 05:08","14920.53"
"04/01/2018 05:09","14913.35"
"04/01/2018 05:10","14900.06"
"04/01/2018 05:11","14882.68"
"04/01/2018 05:12","14891.56"
"04/01/2018 05:13","14889.79"
"04/01/2018 05:14","14897.13"
"04/01/2018 05:15","14896.51"
"04/01/2018 05:16","14888.35"
"04/01/2018 05:17","14891.34"
"04/01/2018 05:18","14894.44"
"04/01/2018 05:19","14896.01"
"04/01/2018 05:20","14890.29"
"04/01/2018 05:21","14876.39"
"04/01/2018 05:22","14877.64"
"04/01/2018 05:23","14878.37"
"04/01/2018 05:24","14872.79"
"04/01/2018 05:25","14873.17"
"04/01/2018 05:26","14849.41"
"04/01/2018 05:27","14830.5"
"04/01/2018 05:28","14820.76"
"04/01/2018 05:29","14819.3"
"04/01/2018 05:30","14816.5"
"04/01/2018 05:32","14846.06"
"04/01/2018 05:33","14883.47"
"04/01/2018 05:34","14878.66"
"04/01/2018 05:35","14887.73"
"04/01/2018 05:36","14899.21"
"04/01/2018 05:37","14901.64"
"04/01/2018 05:38","14905.09"
"04/01/2018 05:39","14910.49"
"04/01/2018 05:40","14925.56"
"04/01/2018 05:41","14943.69"
"04/01/2018 05:42","14943.08"
"04/01/2018 05:43","14938.76"
"04/01/2018 05:44","14933.35"
"04/01/2018 05:45","14929.91"
"04/01/2018 05:46","14940.81"
"04/01/2018 05:47","14947.59"
"04/01/2018 05:48","14953.2"
"04/01/2018 05:49","14950.9"
"04/01/2018 05:50","14954.95"
"04/01/2018 05:51","14953.43"
"04/01/2018 05:52","14958.53"
"04/01/2018 05:53","14935.42"
"04/01/2018 05:54","14927.8"
"04/01/2018 05:55","14934.52"
"04/01/2018 05:56","14948.77"
"04/01/2018 05:57","14947.65"
"04/01/2018 05:58","14939.38"
"04/01/2018 05:59","14925.43"
"04/01/2018 06:00","14926.84"
"04/01/2018 06:01","14915.8"
"04/01/2018 06:02","14933.68"
"04/01/2018 06:03","14951.77"
"04/01/2018 06:04","14954.66"
"04/01/2018 06:05","14988.69"
"04/01/2018 06:06","15003.1"
"04/01/2018 06:07","15019.66"
"04/01/2018 06:08","15026.04"
"04/01/2018 06:09","15027.72"
"04/01/2018 06:10","15034.69"
"04/01/2018 06:11","15046.45"
"04/01/2018 06:12","15049.65"
"04/01/2018 06:13","15057.35"
"04/01/2018 06:14","15071.9"
"04/01/2018 06:15","15066.55"
"04/01/2018 06:16","15064.13"
"04/01/2018 06:17","15073.52"
"04/01/2018 06:18","15078.23"
"04/01/2018 06:19","15074.9"
"04/01/2018 06:20","15072.76"
"04/01/2018 06:21","15071.37"
"04/01/2018 06:22","15060.52"
"04/01/2018 06:23","15051.8"
"04/01/2018 06:24","15052.05"
"04/01/2018 06:25","15058.16"
"04/01/2018 06:26","15051.35"
"04/01/2018 06:27","15061.67"
"04/01/2018 06:28","15058.15"
"04/01/2018 06:29","15038.18"
"04/01/2018 06:30","15043.81"
"04/01/2018 06:31","15033.97"
"04/01/2018 06:32","15033.15"
"04/01/2018 06:33","15029.16"
"04/01/2018 06:34","15025.49"
"04/01/2018 06:35","15018.66"
"04/01/2018 06:36","15016.19"
"04/01/2018 06:37","15005.33"
"04/01/2018 06:38","15004.75"
"04/01/2018 06:39","15005.88"
"04/01/2018 06:40","15004.03"
"04/01/2018 06:41","14995.76"
"04/01/2018 06:42","15010.11"
"04/01/2018 06:43","15024.46"
"04/01/2018 06:44","15028.33"
"04/01/2018 06:45","15040.99"
"04/01/2018 06:46","15067.84"
"04/01/2018 06:47","15021.55"
"04/01/2018 06:48","15046.91"
"04/01/2018 06:49","15045.82"
"04/01/2018 06:50","15033.88"
"04/01/2018 06:51","15020.06"
"04/01/2018 06:52","14991.74"
"04/01/2018 06:53","14993.04"
"04/01/2018 06:54","14980.21"
"04/01/2018 06:55","14966.41"
"04/01/2018 06:56","14962.31"
"04/01/2018 06:57","14950.27"
"04/01/2018 06:58","14935.76"
"04/01/2018 06:59","14941.41"
"04/01/2018 07:00","14923.53"
"04/01/2018 07:01","14881.81"
"04/01/2018 07:02","14884.74"
"04/01/2018 07:03","14877.36"
"04/01/2018 07:04","14879.21"
"04/01/2018 07:05","14887.14"
"04/01/2018 07:06","14918.3"
"04/01/2018 07:07","14924.32"
"04/01/2018 07:08","14924.51"
"04/01/2018 07:09","14915.15"
"04/01/2018 07:10","14912.56"
"04/01/2018 07:11","14898.39"
"04/01/2018 07:12","14890.64"
"04/01/2018 07:13","14878.11"
"04/01/2018 07:14","14874.92"
"04/01/2018 07:15","14870.45"
"04/01/2018 07:16","14863.03"
"04/01/2018 07:17","14852.83"
"04/01/2018 07:18","14834.73"
"04/01/2018 07:19","14831.08"
"04/01/2018 07:20","14822.42"
"04/01/2018 07:21","14826.39"
"04/01/2018 07:22","14839.78"
"04/01/2018 07:23","14853.3"
"04/01/2018 07:24","14871.56"
"04/01/2018 07:25","14881.95"
"04/01/2018 07:26","14896"
"04/01/2018 07:27","14894.6"
"04/01/2018 07:28","14898.55"
"04/01/2018 07:29","14897.47"
"04/01/2018 07:30","14896.2"
"04/01/2018 07:31","14889.17"
"04/01/2018 07:32","14885.1"
"04/01/2018 07:33","14876.16"
"04/01/2018 07:34","14873.93"
"04/01/2018 07:35","14869.94"
"04/01/2018 07:36","14870.98"
"04/01/2018 07:37","14881.88"
"04/01/2018 07:38","14891.74"
"04/01/2018 07:39","14900.28"
"04/01/2018 07:40","14910.18"
"04/01/2018 07:41","14909.09"
"04/01/2018 07:42","14923.03"
"04/01/2018 07:43","14910.45"
"04/01/2018 07:44","14912.93"
"04/01/2018 07:45","14912.69"
"04/01/2018 07:46","14906.41"
"04/01/2018 07:47","14890.26"
"04/01/2018 07:48","14884.1"
"04/01/2018 07:49","14880.57"
"04/01/2018 07:50","14877.26"
"04/01/2018 07:51","14838.12"
"04/01/2018 07:52","14841.76"
"04/01/2018 07:53","14855.05"
"04/01/2018 07:54","14840.23"
"04/01/2018 07:55","14849.18"
"04/01/2018 07:56","14856.1"
"04/01/2018 07:57","14845.23"
"04/01/2018 07:58","14843.3"
"04/01/2018 07:59","14841.7"
"04/01/2018 08:00","14848.92"
"04/01/2018 08:01","14850.42"
"04/01/2018 08:02","14862.38"
"04/01/2018 08:03","14866.83"
"04/01/2018 08:04","14872.08"
"04/01/2018 08:05","14875.07"
"04/01/2018 08:06","14875.7"
"04/01/2018 08:07","14870.92"
"04/01/2018 08:08","14878.76"
"04/01/2018 08:09","14877.91"
"04/01/2018 08:10","14863.56"
"04/01/2018 08:11","14852.59"
"04/01/2018 08:12","14835.79"
"04/01/2018 08:13","14820.99"
"04/01/2018 08:14","14815.39"
"04/01/2018 08:15","14835.59"
"04/01/2018 08:16","14844.01"
"04/01/2018 08:17","14840.77"
"04/01/2018 08:18","14835.75"
"04/01/2018 08:19","14827.43"
"04/01/2018 08:20","14830.5"
"04/01/2018 08:21","14823.48"
"04/01/2018 08:22","14819.95"
"04/01/2018 08:23","14782.21"
"04/01/2018 08:24","14726.8"
"04/01/2018 08:25","14701.29"
"04/01/2018 08:26","14683.35"
"04/01/2018 08:27","14697.15"
"04/01/2018 08:28","14672.62"
"04/01/2018 08:29","14648.18"
"04/01/2018 08:30","14611.28"
"04/01/2018 08:31","14523.52"
"04/01/2018 08:32","14507.43"
"04/01/2018 08:33","14512.26"
"04/01/2018 08:34","14521.31"
"04/01/2018 08:35","14517.49"
"04/01/2018 08:36","14509.3"
"04/01/2018 08:37","14491.27"
"04/01/2018 08:38","14484.18"
"04/01/2018 08:39","14468.68"
"04/01/2018 08:40","14463.07"
"04/01/2018 08:41","14429.36"
"04/01/2018 08:42","14392.51"
"04/01/2018 08:43","14391.58"
"04/01/2018 08:44","14410.99"
"04/01/2018 08:45","14406.54"
"04/01/2018 08:46","14420.36"
"04/01/2018 08:47","14451.28"
"04/01/2018 08:48","14466.59"
"04/01/2018 08:49","14473.74"
"04/01/2018 08:50","14480.4"
"04/01/2018 08:51","14456.4"
"04/01/2018 08:52","14438.91"
"04/01/2018 08:53","14438.66"
"04/01/2018 08:54","14428.36"
"04/01/2018 08:55","14434.91"
"04/01/2018 08:56","14430.86"
"04/01/2018 08:57","14432.37"
"04/01/2018 08:58","14418.92"
"04/01/2018 08:59","14398.57"
"04/01/2018 09:00","14382.37"
"04/01/2018 09:01","14286.48"
"04/01/2018 09:02","14240.79"
"04/01/2018 09:03","14225.17"
"04/01/2018 09:04","14253.47"
"04/01/2018 09:05","14321.99"
"04/01/2018 09:06","14307.9"
"04/01/2018 09:07","14326.42"
"04/01/2018 09:08","14320.76"
"04/01/2018 09:09","14323.3"
"04/01/2018 09:10","14309.11"
"04/01/2018 09:11","14323.45"
"04/01/2018 09:12","14347.67"
"04/01/2018 09:13","14379.83"
"04/01/2018 09:14","14436.07"
"04/01/2018 09:15","14459.62"
"04/01/2018 09:16","14460.71"
"04/01/2018 09:17","14446.95"
"04/01/2018 09:18","14417.7"
"04/01/2018 09:19","14428.95"
"04/01/2018 09:20","14414.81"
"04/01/2018 09:21","14426.74"
"04/01/2018 09:22","14420.17"
"04/01/2018 09:23","14440.13"
"04/01/2018 09:24","14444.44"
"04/01/2018 09:25","14466.33"
"04/01/2018 09:26","14503.37"
"04/01/2018 09:27","14497.71"
"04/01/2018 09:28","14502.35"
"04/01/2018 09:29","14510.83"
"04/01/2018 09:30","14501.37"
"04/01/2018 09:31","14496.95"
"04/01/2018 09:32","14502.01"
"04/01/2018 09:33","14482.65"
"04/01/2018 09:34","14467.25"
"04/01/2018 09:35","14464.59"
"04/01/2018 09:36","14472.23"
"04/01/2018 09:37","14483.91"
"04/01/2018 09:38","14493.82"
"04/01/2018 09:39","14485.29"
"04/01/2018 09:40","14489.79"
"04/01/2018 09:41","14480.75"
"04/01/2018 09:42","14487.2"
"04/01/2018 09:43","14500.89"
"04/01/2018 09:44","14494.91"
"04/01/2018 09:45","14480.03"
"04/01/2018 09:46","14476.43"
"04/01/2018 09:47","14489.55"
"04/01/2018 09:48","14500.82"
"04/01/2018 09:49","14520.31"
"04/01/2018 09:50","14531.72"
"04/01/2018 09:51","14529.68"
"04/01/2018 09:52","14536.57"
"04/01/2018 09:53","14516.02"
"04/01/2018 09:54","14508.36"
"04/01/2018 09:55","14522.51"
"04/01/2018 09:56","14505.36"
"04/01/2018 09:57","14504.14"
"04/01/2018 09:58","14470.92"
"04/01/2018 09:59","14490.41"
"04/01/2018 10:00","14486.17"
"04/01/2018 10:01","14492.98"
"04/01/2018 10:02","14502.87"
"04/01/2018 10:03","14490.8"
"04/01/2018 10:04","14483.4"
"04/01/2018 10:05","14465.81"
"04/01/2018 10:06","14482.88"
"04/01/2018 10:07","14502.08"
"04/01/2018 10:08","14541.82"
"04/01/2018 10:09","14568.74"
"04/01/2018 10:10","14585.13"
"04/01/2018 10:11","14591.6"
"04/01/2018 10:12","14573.12"
"04/01/2018 10:13","14571.33"
"04/01/2018 10:14","14509.35"
"04/01/2018 10:15","14491.4"
"04/01/2018 10:16","14483.03"
"04/01/2018 10:17","14485.76"
"04/01/2018 10:18","14488.59"
"04/01/2018 10:19","14487.7"
"04/01/2018 10:20","14451.6"
"04/01/2018 10:21","14458.15"
"04/01/2018 10:22","14478.79"
"04/01/2018 10:23","14491.28"
"04/01/2018 10:24","14497.63"
"04/01/2018 10:25","14508.98"
"04/01/2018 10:26","14520.67"
"04/01/2018 10:27","14532.65"
"04/01/2018 10:28","14529.03"
"04/01/2018 10:29","14532.75"
"04/01/2018 10:30","14534.07"
"04/01/2018 10:31","14530.77"
"04/01/2018 10:32","14511.56"
"04/01/2018 10:33","14517.7"
"04/01/2018 10:34","14506.62"
"04/01/2018 10:35","14505.32"
"04/01/2018 10:36","14517.17"
"04/01/2018 10:37","14537.14"
"04/01/2018 10:38","14540.19"
"04/01/2018 10:39","14543.75"
"04/01/2018 10:40","14559.38"
"04/01/2018 10:41","14561.96"
"04/01/2018 10:42","14567.85"
"04/01/2018 10:43","14593.15"
"04/01/2018 10:44","14599.73"
"04/01/2018 10:45","14631.69"
"04/01/2018 10:46","14630.42"
"04/01/2018 10:47","14616.74"
"04/01/2018 10:48","14630.24"
"04/01/2018 10:49","14639.13"
"04/01/2018 10:50","14634.85"
"04/01/2018 10:51","14625.02"
"04/01/2018 10:52","14613.02"
"04/01/2018 10:53","14584.21"
"04/01/2018 10:54","14561.98"
"04/01/2018 10:55","14516.04"
"04/01/2018 10:56","14508.77"
"04/01/2018 10:57","14493.57"
"04/01/2018 10:58","14491.04"
"04/01/2018 10:59","14491.27"
"04/01/2018 11:00","14464.14"
"04/01/2018 11:01","14464.56"
"04/01/2018 11:02","14479.14"
"04/01/2018 11:03","14473.38"
"04/01/2018 11:04","14477.81"
"04/01/2018 11:05","14438.98"
"04/01/2018 11:06","14414.7"
"04/01/2018 11:07","14404.98"
"04/01/2018 11:08","14405.46"
"04/01/2018 11:09","14407.87"
"04/01/2018 11:10","14407.09"
"04/01/2018 11:11","14393.42"
"04/01/2018 11:12","14358.53"
"04/01/2018 11:13","14346.26"
"04/01/2018 11:14","14356.32"
"04/01/2018 11:15","14359.59"
"04/01/2018 11:16","14360.33"
"04/01/2018 11:17","14373.39"
"04/01/2018 11:18","14401.68"
"04/01/2018 11:19","14420.15"
"04/01/2018 11:20","14424.67"
"04/01/2018 11:21","14419.29"
"04/01/2018 11:22","14410.24"
"04/01/2018 11:23","14411.12"
"04/01/2018 11:24","14415.88"
"04/01/2018 11:25","14422.54"
"04/01/2018 11:26","14423.1"
"04/01/2018 11:27","14429.24"
"04/01/2018 11:28","14457.93"
"04/01/2018 11:29","14468.94"
"04/01/2018 11:30","14472.31"
"04/01/2018 11:31","14501.48"
"04/01/2018 11:32","14511.18"
"04/01/2018 11:33","14530.32"
"04/01/2018 11:34","14524.16"
"04/01/2018 11:35","14518.2"
"04/01/2018 11:36","14516.93"
"04/01/2018 11:37","14482.12"
"04/01/2018 11:38","14488.02"
"04/01/2018 11:39","14489.2"
"04/01/2018 11:40","14475.68"
"04/01/2018 11:41","14473.43"
"04/01/2018 11:42","14492.05"
"04/01/2018 11:43","14498.93"
"04/01/2018 11:44","14516.19"
"04/01/2018 11:45","14528.1"
"04/01/2018 11:46","14552.61"
"04/01/2018 11:47","14548.08"
"04/01/2018 11:48","14570.06"
"04/01/2018 11:49","14575.94"
"04/01/2018 11:50","14579.1"
"04/01/2018 11:51","14580.38"
"04/01/2018 11:52","14575.63"
"04/01/2018 11:53","14571.97"
"04/01/2018 11:54","14576.89"
"04/01/2018 11:55","14579.26"
"04/01/2018 11:56","14567.29"
"04/01/2018 11:57","14569.43"
"04/01/2018 11:58","14566.62"
"04/01/2018 11:59","14571.48"
"04/01/2018 12:00","14571.2"
"04/01/2018 12:01","14582.52"
"04/01/2018 12:02","14582.91"
"04/01/2018 12:03","14586.94"
"04/01/2018 12:04","14587.87"
"04/01/2018 12:05","14588.04"
"04/01/2018 12:06","14584.96"
"04/01/2018 12:07","14586.78"
"04/01/2018 12:08","14583.66"
"04/01/2018 12:09","14575.11"
"04/01/2018 12:10","14575.89"
"04/01/2018 12:11","14561.84"
"04/01/2018 12:12","14566.01"
"04/01/2018 12:13","14567.54"
"04/01/2018 12:14","14576.1"
"04/01/2018 12:15","14572.86"
"04/01/2018 12:16","14573.86"
"04/01/2018 12:17","14575.25"
"04/01/2018 12:18","14573.69"
"04/01/2018 12:19","14581.07"
"04/01/2018 12:20","14583.94"
"04/01/2018 12:21","14585.18"
"04/01/2018 12:22","14593.72"
"04/01/2018 12:23","14593.22"
"04/01/2018 12:24","14580.7"
"04/01/2018 12:25","14546.89"
"04/01/2018 12:26","14543.06"
"04/01/2018 12:27","14533.22"
"04/01/2018 12:28","14513.39"
"04/01/2018 12:29","14490.36"
"04/01/2018 12:30","14462.73"
"04/01/2018 12:31","14458.69"
"04/01/2018 12:32","14451.42"
"04/01/2018 12:33","14420.95"
"04/01/2018 12:34","14425.24"
"04/01/2018 12:35","14422.5"
"04/01/2018 12:36","14413.98"
"04/01/2018 12:37","14381.5"
"04/01/2018 12:38","14365.35"
"04/01/2018 12:39","14342.02"
"04/01/2018 12:40","14332.08"
"04/01/2018 12:41","14332.21"
"04/01/2018 12:42","14325.88"
"04/01/2018 12:43","14329.38"
"04/01/2018 12:44","14319.61"
"04/01/2018 12:45","14299.37"
"04/01/2018 12:46","14302.14"
"04/01/2018 12:47","14337.23"
"04/01/2018 12:48","14394.26"
"04/01/2018 12:49","14423.15"
"04/01/2018 12:50","14437.81"
"04/01/2018 12:51","14444.05"
"04/01/2018 12:52","14445.4"
"04/01/2018 12:53","14429.65"
"04/01/2018 12:54","14431.5"
"04/01/2018 12:55","14448.83"
"04/01/2018 12:56","14452.55"
"04/01/2018 12:57","14442.92"
"04/01/2018 12:58","14421.39"
"04/01/2018 12:59","14430.76"
"04/01/2018 13:00","14422.47"
"04/01/2018 13:01","14423.42"
"04/01/2018 13:02","14430.31"
"04/01/2018 13:03","14437.77"
"04/01/2018 13:04","14460.9"
"04/01/2018 13:05","14462.29"
"04/01/2018 13:06","14457.44"
"04/01/2018 13:07","14467.19"
"04/01/2018 13:08","14438.64"
"04/01/2018 13:09","14449.4"
"04/01/2018 13:10","14453.44"
"04/01/2018 13:11","14470.53"
"04/01/2018 13:12","14477.11"
"04/01/2018 13:13","14472.04"
"04/01/2018 13:14","14470.69"
"04/01/2018 13:15","14462.4"
"04/01/2018 13:16","14477.61"
"04/01/2018 13:17","14473.43"
"04/01/2018 13:18","14469.46"
"04/01/2018 13:19","14470.94"
"04/01/2018 13:20","14472.73"
"04/01/2018 13:21","14474.41"
"04/01/2018 13:22","14483.93"
"04/01/2018 13:23","14507.48"
"04/01/2018 13:24","14523.46"
"04/01/2018 13:25","14529.23"
"04/01/2018 13:26","14531.7"
"04/01/2018 13:27","14546.31"
"04/01/2018 13:28","14574.34"
"04/01/2018 13:29","14575.9"
"04/01/2018 13:30","14578.44"
"04/01/2018 13:31","14593.42"
"04/01/2018 13:32","14597.97"
"04/01/2018 13:33","14609.37"
"04/01/2018 13:34","14612.75"
"04/01/2018 13:35","14618.71"
"04/01/2018 13:36","14624.27"
"04/01/2018 13:37","14597.56"
"04/01/2018 13:38","14615.78"
"04/01/2018 13:39","14608.05"
"04/01/2018 13:40","14603.86"
"04/01/2018 13:41","14598.99"
"04/01/2018 13:42","14582.31"
"04/01/2018 13:43","14561.23"
"04/01/2018 13:44","14542.67"
"04/01/2018 13:45","14555.85"
"04/01/2018 13:46","14553.98"
"04/01/2018 13:47","14564.99"
"04/01/2018 13:48","14564.09"
"04/01/2018 13:49","14565.05"
"04/01/2018 13:50","14584.11"
"04/01/2018 13:51","14575.41"
"04/01/2018 13:52","14549.27"
"04/01/2018 13:53","14559.5"
"04/01/2018 13:54","14543.13"
"04/01/2018 13:55","14556.57"
"04/01/2018 13:56","14545.01"
"04/01/2018 13:57","14549.01"
"04/01/2018 13:58","14560.77"
"04/01/2018 13:59","14575.52"
"04/01/2018 14:00","14580"
"04/01/2018 14:01","14579.53"
"04/01/2018 14:02","14580.88"
"04/01/2018 14:03","14595.94"
"04/01/2018 14:04","14587.91"
"04/01/2018 14:05","14578.38"
"04/01/2018 14:06","14556.52"
"04/01/2018 14:07","14556.65"
"04/01/2018 14:08","14555.21"
"04/01/2018 14:09","14554.41"
"04/01/2018 14:10","14562.5"
"04/01/2018 14:11","14564.06"
"04/01/2018 14:12","14560.92"
"04/01/2018 14:13","14557.04"
"04/01/2018 14:14","14543.16"
"04/01/2018 14:15","14541.98"
"04/01/2018 14:16","14535.99"
"04/01/2018 14:17","14531.46"
"04/01/2018 14:18","14530.16"
"04/01/2018 14:19","14543.22"
"04/01/2018 14:20","14537.25"
"04/01/2018 14:21","14541.56"
"04/01/2018 14:22","14550.71"
"04/01/2018 14:23","14547.06"
"04/01/2018 14:24","14557.62"
"04/01/2018 14:25","14564.94"
"04/01/2018 14:26","14573.16"
"04/01/2018 14:27","14566.34"
"04/01/2018 14:28","14576.65"
"04/01/2018 14:29","14574.91"
"04/01/2018 14:30","14577.79"
"04/01/2018 14:31","14587.09"
"04/01/2018 14:32","14584.56"
"04/01/2018 14:33","14579.53"
"04/01/2018 14:34","14565.95"
"04/01/2018 14:35","14571.86"
"04/01/2018 14:36","14560.91"
"04/01/2018 14:37","14554.95"
"04/01/2018 14:38","14556.95"
"04/01/2018 14:39","14574.47"
"04/01/2018 14:40","14581.37"
"04/01/2018 14:41","14582.36"
"04/01/2018 14:42","14575.28"
"04/01/2018 14:43","14574.85"
"04/01/2018 14:44","14570.74"
"04/01/2018 14:45","14578.03"
"04/01/2018 14:46","14573.76"
"04/01/2018 14:47","14579.88"
"04/01/2018 14:48","14581.01"
"04/01/2018 14:49","14585.37"
"04/01/2018 14:50","14584.42"
"04/01/2018 14:51","14591.59"
"04/01/2018 14:52","14617.85"
"04/01/2018 14:53","14651.47"
"04/01/2018 14:54","14679.99"
"04/01/2018 14:55","14684.43"
"04/01/2018 14:56","14672.72"
"04/01/2018 14:57","14662.89"
"04/01/2018 14:58","14639.33"
"04/01/2018 14:59","14644.84"
"04/01/2018 15:00","14628.24"
"04/01/2018 15:01","14624.81"
"04/01/2018 15:02","14613.86"
"04/01/2018 15:03","14632.02"
"04/01/2018 15:04","14640.52"
"04/01/2018 15:05","14650.46"
"04/01/2018 15:06","14620.73"
"04/01/2018 15:07","14624.4"
"04/01/2018 15:08","14632.49"
"04/01/2018 15:09","14620.45"
"04/01/2018 15:10","14608.99"
"04/01/2018 15:11","14623.59"
"04/01/2018 15:12","14631.43"
"04/01/2018 15:13","14623.12"
"04/01/2018 15:14","14640.49"
"04/01/2018 15:15","14644.78"
"04/01/2018 15:16","14655.69"
"04/01/2018 15:17","14642.64"
"04/01/2018 15:18","14619.44"
"04/01/2018 15:19","14623.63"
"04/01/2018 15:20","14627.44"
"04/01/2018 15:21","14642.34"
"04/01/2018 15:22","14646.14"
"04/01/2018 15:23","14642.92"
"04/01/2018 15:24","14621.25"
"04/01/2018 15:25","14591.02"
"04/01/2018 15:26","14557.58"
"04/01/2018 15:27","14546.21"
"04/01/2018 15:28","14549.08"
"04/01/2018 15:29","14544.98"
"04/01/2018 15:30","14533.77"
"04/01/2018 15:31","14532.88"
"04/01/2018 15:32","14545.51"
"04/01/2018 15:33","14558.39"
"04/01/2018 15:34","14565.84"
"04/01/2018 15:35","14537.1"
"04/01/2018 15:36","14537.6"
"04/01/2018 15:37","14533.61"
"04/01/2018 15:38","14536.03"
"04/01/2018 15:39","14540.77"
"04/01/2018 15:40","14535.8"
"04/01/2018 15:41","14540.48"
"04/01/2018 15:42","14554.2"
"04/01/2018 15:43","14579.91"
"04/01/2018 15:44","14593.13"
"04/01/2018 15:45","14589.83"
"04/01/2018 15:46","14581.15"
"04/01/2018 15:47","14572.73"
"04/01/2018 15:48","14564.77"
"04/01/2018 15:49","14558.82"
"04/01/2018 15:50","14540.13"
"04/01/2018 15:51","14540.92"
"04/01/2018 15:52","14539.4"
"04/01/2018 15:53","14528.18"
"04/01/2018 15:54","14537.21"
"04/01/2018 15:55","14545.71"
"04/01/2018 15:56","14560.91"
"04/01/2018 15:57","14559.02"
"04/01/2018 15:58","14559.09"
"04/01/2018 15:59","14564.42"
"04/01/2018 16:00","14563.06"
"04/01/2018 16:01","14555.17"
"04/01/2018 16:02","14548.81"
"04/01/2018 16:03","14541.09"
"04/01/2018 16:04","14522.66"
"04/01/2018 16:05","14501.16"
"04/01/2018 16:06","14498"
"04/01/2018 16:07","14491.84"
"04/01/2018 16:08","14491.54"
"04/01/2018 16:09","14508.45"
"04/01/2018 16:10","14503.75"
"04/01/2018 16:11","14488.33"
"04/01/2018 16:12","14488.51"
"04/01/2018 16:13","14474.7"
"04/01/2018 16:14","14466.12"
"04/01/2018 16:15","14454.27"
"04/01/2018 16:16","14452.39"
"04/01/2018 16:17","14452.94"
"04/01/2018 16:18","14450.8"
"04/01/2018 16:19","14471.02"
"04/01/2018 16:20","14478.22"
"04/01/2018 16:21","14501.85"
"04/01/2018 16:22","14503.38"
"04/01/2018 16:23","14505.86"
"04/01/2018 16:24","14514.97"
"04/01/2018 16:25","14510.65"
"04/01/2018 16:26","14511.27"
"04/01/2018 16:27","14512.89"
"04/01/2018 16:28","14524.18"
"04/01/2018 16:29","14527.38"
"04/01/2018 16:30","14534.98"
"04/01/2018 16:31","14537.52"
"04/01/2018 16:32","14537.88"
"04/01/2018 16:33","14534.42"
"04/01/2018 16:34","14550.71"
""