date,close,open,high,low,var
30.12.2017,"682,39","731,52","736,91","640,98","-6,87"
29.12.2017,"732,75","712,00","754,89","703,02","3,00"
28.12.2017,"711,42","736,45","740,30","654,70","-3,49"
27.12.2017,"737,13","749,80","766,06","703,40","-1,65"
26.12.2017,"749,51","710,19","749,80","708,91","5,54"
25.12.2017,"710,20","659,88","737,00","655,14","7,62"
24.12.2017,"659,89","672,82","674,55","563,21","-1,87"
23.12.2017,"672,49","628,19","717,00","616,81","6,97"
22.12.2017,"628,65","786,99","791,98","494,00","-20,12"
21.12.2017,"787,00","795,91","842,05","748,82","-1,00"
20.12.2017,"794,95","799,98","826,01","709,49","-0,63"
19.12.2017,"800,00","784,44","863,00","760,24","1,91"
18.12.2017,"785,00","708,78","798,90","668,21","10,78"
17.12.2017,"708,58","683,62","725,00","683,62","3,54"
16.12.2017,"684,35","677,74","711,83","672,61","0,99"
15.12.2017,"677,65","687,56","698,31","610,00","-1,29"
14.12.2017,"686,51","688,85","756,21","651,00","-0,74"
13.12.2017,"691,65","631,00","741,91","576,00","9,09"
12.12.2017,"634,00","515,04","646,99","499,44","23,29"
11.12.2017,"514,24","429,24","532,86","429,24","19,96"
10.12.2017,"428,66","460,93","460,93","413,50","-7,00"
09.12.2017,"460,93","442,20","486,80","441,00","4,35"
08.12.2017,"441,72","415,00","453,52","400,46","6,44"
07.12.2017,"415,00","413,68","429,00","390,00","0,17"
06.12.2017,"414,29","449,60","454,00","403,00","-8,31"
05.12.2017,"451,82","465,30","467,37","446,99","-2,83"
04.12.2017,"465,00","459,49","470,95","439,83","1,01"
03.12.2017,"460,35","455,51","482,51","433,53","1,06"
02.12.2017,"455,52","460,83","471,33","446,33","-1,09"
01.12.2017,"460,52","432,24","467,00","414,66","6,56"
30.11.2017,"432,15","420,34","454,77","385,50","2,36"
29.11.2017,"422,20","464,89","517,00","401,04","-9,31"
28.11.2017,"465,56","473,39","478,07","457,47","-1,69"
27.11.2017,"473,58","469,53","491,89","458,03","0,87"
26.11.2017,"469,50","452,66","473,31","446,60","1,14"
25.11.2017,"464,21","469,57","483,00","455,91","-1,12"
24.11.2017,"469,47","405,18","478,50","397,85","15,84"
23.11.2017,"405,27","380,48","425,86","374,60","6,52"
22.11.2017,"380,48","359,83","381,13","358,90","5,74"
21.11.2017,"359,83","367,94","373,43","350,97","-2,20"
20.11.2017,"367,94","354,71","373,69","354,05","3,76"
19.11.2017,"354,62","346,88","371,00","343,65","2,23"
18.11.2017,"346,90","331,01","350,16","325,60","4,67"
17.11.2017,"331,42","330,88","335,02","325,00","0,19"
16.11.2017,"330,78","330,89","335,09","321,22","-0,04"
15.11.2017,"330,90","334,32","339,50","324,46","-0,83"
14.11.2017,"333,67","313,22","336,34","313,22","6,50"
13.11.2017,"313,30","303,20","318,00","302,67","3,17"
12.11.2017,"303,68","313,00","316,71","293,72","-3,06"
11.11.2017,"313,26","296,18","319,88","294,74","5,79"
10.11.2017,"296,12","319,52","324,03","288,00","-7,32"
09.11.2017,"319,52","307,61","328,78","305,90","3,92"
08.11.2017,"307,48","291,78","318,88","290,12","5,50"
07.11.2017,"291,46","296,84","304,20","286,80","-1,83"
06.11.2017,"296,88","295,20","306,02","292,01","0,33"
05.11.2017,"295,90","299,33","300,00","293,68","-1,18"
04.11.2017,"299,42","302,70","303,24","293,17","0,34"
03.11.2017,"298,40","285,25","307,19","284,26","4,85"
02.11.2017,"284,61","288,63","293,00","275,77","-1,69"
01.11.2017,"289,50","303,51","304,69","287,62","-4,84"
31.10.2017,"304,24","307,00","312,00","303,21","-0,90"
30.10.2017,"307,00","304,39","311,08","303,93","0,86"
29.10.2017,"304,37","293,61","311,84","292,01","3,66"
28.10.2017,"293,61","295,99","296,97","289,56","-0,80"
27.10.2017,"295,99","295,05","299,20","292,10","0,30"
26.10.2017,"295,10","295,25","299,00","292,58","0,06"
25.10.2017,"294,91","296,30","300,00","289,10","-0,44"
24.10.2017,"296,20","284,86","311,20","280,02","4,02"
23.10.2017,"284,75","293,51","293,58","274,07","-3,04"
22.10.2017,"293,67","299,23","305,37","289,40","-1,78"
21.10.2017,"299,00","302,15","303,00","290,43","-1,19"
20.10.2017,"302,61","306,96","313,00","301,71","-1,42"
19.10.2017,"306,97","313,92","316,50","304,40","-2,06"
18.10.2017,"313,43","315,63","316,00","288,01","-0,70"
17.10.2017,"315,64","334,37","334,71","310,22","-5,60"
16.10.2017,"334,37","337,04","353,01","331,08","-0,70"
15.10.2017,"336,74","339,10","343,00","317,36","-0,74"
14.10.2017,"339,24","337,46","347,88","334,14","0,53"
13.10.2017,"337,46","303,10","349,88","298,10","11,34"
12.10.2017,"303,10","303,20","310,01","302,18","-0,10"
11.10.2017,"303,39","299,32","304,91","296,60","1,36"
10.10.2017,"299,32","297,38","307,00","292,72","0,71"
09.10.2017,"297,21","309,74","311,11","287,07","-4,04"
08.10.2017,"309,72","311,46","314,31","308,30","-0,56"
07.10.2017,"311,46","308,44","315,00","304,50","0,93"
06.10.2017,"308,59","295,09","309,44","293,61","4,50"
05.10.2017,"295,30","291,40","297,75","286,51","1,30"
04.10.2017,"291,52","291,69","295,81","287,96","-0,04"
03.10.2017,"291,64","296,98","300,50","286,29","-1,75"
02.10.2017,"296,83","304,50","304,59","292,69","-2,43"
01.10.2017,"304,22","303,21","305,54","295,17","0,26"
30.09.2017,"303,44","292,76","307,19","292,30","3,68"
29.09.2017,"292,68","302,63","303,67","280,50","-3,35"
28.09.2017,"302,81","309,86","310,69","297,90","-2,21"
27.09.2017,"309,65","289,28","312,49","287,44","7,26"
26.09.2017,"288,68","295,16","296,27","287,03","-2,21"
25.09.2017,"295,20","282,00","297,26","281,80","4,75"
24.09.2017,"281,81","286,02","294,32","275,61","-1,52"
23.09.2017,"286,16","262,31","286,71","259,01","9,14"
22.09.2017,"262,19","256,62","269,50","253,05","2,11"
21.09.2017,"256,76","283,68","287,29","251,96","-9,43"
20.09.2017,"283,50","282,63","293,71","277,01","0,22"
19.09.2017,"282,89","296,78","299,00","275,48","-4,68"
18.09.2017,"296,78","257,12","299,60","257,00","15,44"
17.09.2017,"257,09","252,74","263,50","239,18","1,62"
16.09.2017,"253,00","258,68","270,00","242,34","-2,14"
15.09.2017,"258,52","222,93","265,83","201,26","15,89"
14.09.2017,"223,08","275,20","280,71","221,71","-19,02"
13.09.2017,"275,48","293,90","293,90","256,87","-6,16"
12.09.2017,"293,57","297,19","316,20","284,41","-1,22"
11.09.2017,"297,19","297,88","307,90","287,67","-0,18"
10.09.2017,"297,74","303,20","305,00","276,28","-1,67"
09.09.2017,"302,79","304,00","307,01","292,00","-0,46"
08.09.2017,"304,18","334,10","334,45","291,00","-8,96"
07.09.2017,"334,10","337,60","338,00","321,38","-0,97"
06.09.2017,"337,36","316,03","339,50","315,20","6,71"
05.09.2017,"316,15","297,84","322,99","268,03","6,90"
04.09.2017,"295,73","350,85","351,57","276,01","-15,80"
03.09.2017,"351,21","345,00","368,07","328,35","1,80"
02.09.2017,"345,00","390,08","390,75","325,11","-11,52"
01.09.2017,"389,90","387,50","394,78","383,86","0,67"
31.08.2017,"387,29","383,00","389,99","380,10","1,09"
30.08.2017,"383,10","372,00","390,10","365,95","2,91"
29.08.2017,"372,27","347,09","375,96","346,42","7,27"
28.08.2017,"347,05","348,00","351,00","332,82","-0,18"
27.08.2017,"347,69","332,72","347,70","332,45","4,49"
26.08.2017,"332,76","328,70","334,33","324,54","1,24"
25.08.2017,"328,70","325,62","338,00","324,40","0,94"
24.08.2017,"325,64","316,48","329,21","314,37","2,89"
23.08.2017,"316,50","313,11","325,00","311,90","1,29"
22.08.2017,"312,46","322,24","329,72","291,93","-3,11"
21.08.2017,"322,50","298,40","346,94","294,67","8,15"
20.08.2017,"298,20","292,80","298,50","287,01","1,91"
19.08.2017,"292,60","292,00","298,47","280,41","0,07"
18.08.2017,"292,40","299,00","306,60","286,00","-2,09"
17.08.2017,"298,65","301,42","311,80","297,14","-0,89"
16.08.2017,"301,34","286,16","304,00","279,94","5,36"
15.08.2017,"286,00","298,74","299,42","272,29","-4,22"
14.08.2017,"298,60","296,64","306,01","294,30","0,78"
13.08.2017,"296,28","307,19","308,00","286,00","-3,55"
12.08.2017,"307,20","308,78","319,01","302,79","-0,42"
11.08.2017,"308,51","295,97","310,31","295,00","4,58"
10.08.2017,"295,00","295,20","309,70","287,89","0,34"
09.08.2017,"293,99","295,96","315,95","278,13","-0,68"
08.08.2017,"295,99","269,50","299,41","265,12","9,79"
07.08.2017,"269,59","264,21","274,51","257,51","2,01"
06.08.2017,"264,29","253,87","271,50","251,00","4,10"
05.08.2017,"253,87","220,64","258,93","220,10","15,02"
04.08.2017,"220,72","224,79","228,30","219,02","-1,76"
03.08.2017,"224,67","218,03","228,20","217,07","3,12"
02.08.2017,"217,88","225,91","229,55","215,27","-3,58"
01.08.2017,"225,98","200,83","232,50","200,80","12,55"
31.07.2017,"200,79","195,31","201,50","188,99","2,81"
30.07.2017,"195,31","206,77","210,75","192,21","-5,62"
29.07.2017,"206,94","191,20","211,75","176,97","8,23"
28.07.2017,"191,20","202,54","204,19","188,50","-5,65"
27.07.2017,"202,66","203,33","206,30","197,97","-0,33"
26.07.2017,"203,33","202,79","209,35","192,21","0,31"
25.07.2017,"202,71","226,59","227,69","190,61","-10,54"
24.07.2017,"226,59","228,24","231,48","223,78","-0,71"
23.07.2017,"228,22","232,01","236,22","219,00","-1,94"
22.07.2017,"232,73","216,59","237,00","215,05","7,70"
21.07.2017,"216,09","227,29","238,86","208,00","-4,81"
20.07.2017,"227,00","195,10","237,82","195,10","17,01"
19.07.2017,"194,00","226,56","245,25","187,00","-14,48"
18.07.2017,"226,84","190,10","257,99","177,50","19,33"
17.07.2017,"190,10","157,40","190,48","155,25","21,04"
16.07.2017,"157,06","170,21","172,70","136,58","-7,70"
15.07.2017,"170,17","196,49","197,73","169,82","-13,40"
14.07.2017,"196,49","205,00","207,40","180,00","-4,15"
13.07.2017,"205,00","223,92","224,99","190,00","-8,62"
12.07.2017,"224,35","188,61","224,90","177,78","18,94"
11.07.2017,"188,63","201,98","214,55","170,20","-7,31"
10.07.2017,"203,51","235,38","238,00","187,51","-13,53"
09.07.2017,"235,35","245,23","249,00","234,21","-4,03"
08.07.2017,"245,23","238,38","246,59","227,76","2,91"
07.07.2017,"238,29","265,35","265,80","234,24","-10,20"
06.07.2017,"265,35","264,77","273,00","259,03","0,22"
05.07.2017,"264,77","266,46","271,88","250,00","-0,77"
04.07.2017,"266,83","273,97","282,61","261,67","-2,61"
03.07.2017,"273,98","277,64","283,70","266,62","-1,16"
02.07.2017,"277,20","255,00","285,91","244,86","8,79"
01.07.2017,"254,80","275,62","277,63","240,76","-7,88"
30.06.2017,"276,60","285,30","301,90","267,35","-3,05"
29.06.2017,"285,30","311,62","317,87","276,00","-8,65"
28.06.2017,"312,32","278,98","318,26","255,20","11,94"
27.06.2017,"279,00","251,30","279,00","204,45","11,56"
26.06.2017,"250,10","276,02","286,47","215,00","-9,66"
25.06.2017,"276,85","296,89","306,03","253,20","-6,75"
24.06.2017,"296,89","324,46","327,55","291,53","-8,47"
23.06.2017,"324,37","320,94","329,90","319,45","1,07"
22.06.2017,"320,94","321,66","328,99","306,60","-0,02"
21.06.2017,"321,00","344,15","348,50","287,43","-6,73"
20.06.2017,"344,15","355,50","365,39","328,50","-3,19"
19.06.2017,"355,50","348,88","361,48","345,91","1,93"
18.06.2017,"348,77","364,56","377,46","336,91","-4,33"
17.06.2017,"364,56","348,44","365,26","333,00","4,46"
16.06.2017,"348,98","338,99","355,43","305,22","3,04"
15.06.2017,"338,70","336,99","344,00","265,00","0,39"
14.06.2017,"337,40","382,80","385,73","315,99","-11,84"
13.06.2017,"382,70","386,90","394,00","347,00","-1,24"
12.06.2017,"387,50","336,24","412,00","300,00","15,19"
11.06.2017,"336,39","325,88","347,00","310,51","3,23"
10.06.2017,"325,88","278,41","341,89","278,41","17,05"
09.06.2017,"278,41","256,95","279,90","256,95","8,35"
08.06.2017,"256,95","250,70","258,93","242,04","2,49"
07.06.2017,"250,70","261,89","263,67","242,00","-4,28"
06.06.2017,"261,90","242,16","264,99","238,23","8,15"
05.06.2017,"242,16","241,06","244,29","232,01","0,46"
04.06.2017,"241,06","217,01","245,98","216,10","11,08"
03.06.2017,"217,01","214,77","217,95","210,20","1,01"
02.06.2017,"214,83","211,40","219,20","208,23","1,67"
01.06.2017,"211,30","218,34","227,16","198,99","-3,22"
31.05.2017,"218,34","224,78","229,35","200,90","-2,87"
30.05.2017,"224,78","189,99","229,86","182,00","18,31"
29.05.2017,"189,99","161,91","191,30","155,29","17,34"
28.05.2017,"161,91","149,99","172,79","149,66","7,95"
27.05.2017,"149,99","152,80","161,00","110,42","-2,04"
26.05.2017,"153,11","168,71","186,70","143,65","-8,67"
25.05.2017,"167,64","183,88","206,06","158,18","-9,07"
24.05.2017,"184,36","168,24","197,26","167,19","9,60"
23.05.2017,"168,21","154,92","174,01","148,70","8,58"
22.05.2017,"154,92","146,14","182,00","137,00","6,08"
21.05.2017,"146,04","123,03","146,40","122,32","18,70"
20.05.2017,"123,03","124,40","128,95","120,50","-1,10"
19.05.2017,"124,40","98,60","129,24","98,31","26,23"
18.05.2017,"98,55","89,67","98,89","89,42","9,90"
17.05.2017,"89,67","88,18","90,93","83,77","1,70"
16.05.2017,"88,17","92,56","93,48","87,80","-4,74"
15.05.2017,"92,56","90,37","95,17","90,37","2,43"
14.05.2017,"90,37","89,97","91,50","88,11","0,52"
13.05.2017,"89,90","86,99","89,99","85,01","3,35"
12.05.2017,"86,99","89,38","92,00","86,36","-2,67"
11.05.2017,"89,38","88,08","91,47","87,35","1,18"
10.05.2017,"88,33","88,94","92,46","86,60","-0,69"
09.05.2017,"88,94","88,97","90,84","77,78","0,03"
08.05.2017,"88,91","94,21","95,48","88,11","-5,63"
07.05.2017,"94,21","96,84","98,00","90,89","-2,52"
06.05.2017,"96,65","91,50","96,84","90,53","5,63"
05.05.2017,"91,50","99,20","101,70","88,63","-7,76"
04.05.2017,"99,20","85,79","99,78","84,61","15,64"
03.05.2017,"85,79","82,01","86,48","81,00","4,60"
02.05.2017,"82,01","81,40","85,09","80,00","0,75"
01.05.2017,"81,40","83,51","88,00","76,00","-2,53"
30.04.2017,"83,51","73,55","84,00","72,63","13,54"
29.04.2017,"73,55","76,00","77,40","71,20","-3,22"
28.04.2017,"76,00","68,00","77,40","66,18","11,76"
27.04.2017,"68,00","57,45","68,00","56,92","18,65"
26.04.2017,"57,31","53,90","58,38","53,66","6,33"
25.04.2017,"53,90","53,54","54,21","53,25","0,67"
24.04.2017,"53,54","53,33","54,48","53,00","0,97"
23.04.2017,"53,03","52,15","54,44","51,75","1,68"
22.04.2017,"52,15","51,37","52,76","51,03","1,52"
21.04.2017,"51,37","51,96","52,26","51,10","-1,14"
20.04.2017,"51,96","49,66","52,45","48,72","4,63"
19.04.2017,"49,66","52,42","53,00","46,00","-5,39"
18.04.2017,"52,49","49,52","53,00","49,07","6,00"
17.04.2017,"49,52","49,58","50,27","49,00","-0,12"
16.04.2017,"49,58","49,60","49,90","48,87","-0,26"
15.04.2017,"49,71","48,50","50,40","47,95","2,49"
14.04.2017,"48,50","50,53","50,65","47,34","-4,24"
13.04.2017,"50,65","46,85","51,51","46,85","7,86"
12.04.2017,"46,96","44,21","48,40","43,84","6,23"
11.04.2017,"44,21","44,17","44,80","43,80","0,08"
10.04.2017,"44,17","44,03","44,76","43,01","0,32"
09.04.2017,"44,03","44,86","44,86","43,18","-1,07"
08.04.2017,"44,51","42,25","45,75","42,25","5,34"
07.04.2017,"42,25","43,11","44,53","41,78","-1,99"
06.04.2017,"43,11","45,35","46,02","41,25","-4,94"
05.04.2017,"45,35","44,41","47,52","44,19","2,24"
04.04.2017,"44,36","44,28","45,69","41,26","0,95"
03.04.2017,"43,94","48,60","48,60","42,77","-9,59"
02.04.2017,"48,60","50,59","51,51","47,71","-3,95"
01.04.2017,"50,60","49,72","51,87","48,70","1,78"
31.03.2017,"49,71","51,62","51,83","46,88","-3,70"
30.03.2017,"51,62","52,88","53,28","51,06","-2,37"
29.03.2017,"52,88","50,16","54,18","49,93","5,43"
28.03.2017,"50,16","48,93","50,60","48,00","2,51"
27.03.2017,"48,93","50,46","51,75","47,94","-3,04"
26.03.2017,"50,46","50,75","51,80","48,31","-0,57"
25.03.2017,"50,75","54,01","54,79","47,46","-6,03"
24.03.2017,"54,01","43,14","58,00","42,50","25,21"
23.03.2017,"43,14","41,46","44,75","40,22","4,18"
22.03.2017,"41,41","42,45","42,95","38,54","-2,46"
21.03.2017,"42,45","41,87","43,60","41,15","0,92"
20.03.2017,"42,06","43,17","45,11","40,71","-2,57"
19.03.2017,"43,17","34,20","45,49","34,10","28,28"
18.03.2017,"33,65","44,65","44,99","31,11","-24,63"
17.03.2017,"44,65","45,07","51,88","33,50","-0,89"
16.03.2017,"45,05","34,80","46,19","34,80","29,45"
15.03.2017,"34,80","28,66","34,80","28,36","21,42"
14.03.2017,"28,66","28,40","29,93","27,00","0,92"
13.03.2017,"28,40","23,20","30,60","23,20","22,41"
12.03.2017,"23,20","21,30","23,23","21,05","8,92"
11.03.2017,"21,30","19,18","21,45","18,83","11,05"
10.03.2017,"19,18","17,75","19,70","16,50","8,06"
09.03.2017,"17,75","16,51","18,00","16,25","7,51"
08.03.2017,"16,51","18,88","18,88","16,51","-12,55"
07.03.2017,"18,88","19,51","19,67","18,50","-3,23"
06.03.2017,"19,51","19,35","20,23","19,14","0,83"
05.03.2017,"19,35","18,50","19,45","18,15","4,59"
04.03.2017,"18,50","19,49","20,00","18,40","-5,08"
03.03.2017,"19,49","19,02","20,73","18,43","2,47"
02.03.2017,"19,02","17,43","19,45","16,30","9,12"
01.03.2017,"17,43","15,86","17,49","15,62","9,90"
28.02.2017,"15,86","15,50","16,23","15,18","2,32"
27.02.2017,"15,50","14,57","15,75","14,30","6,38"
26.02.2017,"14,57","13,55","14,66","13,30","7,53"
25.02.2017,"13,55","13,11","13,80","13,05","3,36"
24.02.2017,"13,11","13,27","13,31","12,70","-1,21"
23.02.2017,"13,27","12,68","13,37","12,60","4,65"
22.02.2017,"12,68","12,82","12,85","12,60","-1,09"
21.02.2017,"12,82","12,40","12,89","12,25","3,39"
20.02.2017,"12,40","12,80","12,91","12,40","-3,13"
19.02.2017,"12,80","12,79","12,94","12,70","0,08"
18.02.2017,"12,79","12,76","12,90","12,70","0,24"
17.02.2017,"12,76","12,92","12,92","12,60","-1,24"
16.02.2017,"12,92","12,92","12,99","12,57","0,00"
15.02.2017,"12,92","13,02","13,15","12,59","-0,31"
14.02.2017,"12,96","11,32","13,40","11,32","14,19"
13.02.2017,"11,35","11,33","11,37","11,05","0,80"
12.02.2017,"11,26","11,33","11,40","11,22","-0,62"
11.02.2017,"11,33","11,27","11,38","11,13","0,27"
10.02.2017,"11,30","10,95","11,39","10,75","3,67"
09.02.2017,"10,90","11,35","11,51","10,41","-3,96"
08.02.2017,"11,35","11,45","11,60","11,00","-0,53"
07.02.2017,"11,41","11,31","11,50","11,25","0,80"
06.02.2017,"11,32","11,18","11,33","11,12","1,25"
05.02.2017,"11,18","11,32","11,37","11,05","-1,24"
04.02.2017,"11,32","11,00","11,40","11,00","3,57"
03.02.2017,"10,93","10,78","10,93","10,55","1,20"
02.02.2017,"10,80","10,71","10,84","10,53","0,84"
01.02.2017,"10,71","10,71","10,77","10,41","0,00"
31.01.2017,"10,71","10,50","10,74","10,38","1,71"
30.01.2017,"10,53","10,44","10,69","10,38","0,67"
29.01.2017,"10,46","10,49","10,51","10,38","-0,48"
28.01.2017,"10,51","10,50","10,54","10,35","0,10"
27.01.2017,"10,50","10,52","10,58","10,36","-1,22"
26.01.2017,"10,63","10,49","10,63","10,43","1,43"
25.01.2017,"10,48","10,52","10,58","10,35","-0,19"
24.01.2017,"10,50","10,58","10,75","10,46","-2,51"
23.01.2017,"10,77","10,64","10,83","10,59","1,22"
22.01.2017,"10,64","10,91","10,98","10,34","-2,83"
21.01.2017,"10,95","10,64","11,09","10,56","3,11"
20.01.2017,"10,62","10,38","10,75","10,30","2,31"
19.01.2017,"10,38","10,31","10,51","10,15","1,86"
18.01.2017,"10,19","10,30","10,49","9,74","0,69"
17.01.2017,"10,12","9,54","10,60","9,53","5,31"
16.01.2017,"9,61","9,72","9,78","9,55","-2,04"
15.01.2017,"9,81","9,67","9,83","9,60","1,45"
14.01.2017,"9,67","9,72","9,87","9,51","0,00"
13.01.2017,"9,67","9,83","9,83","9,39","-1,63"
12.01.2017,"9,83","9,48","10,04","9,08","0,41"
11.01.2017,"9,79","10,61","10,70","9,41","-7,73"
10.01.2017,"10,61","10,43","10,75","10,20","3,41"
09.01.2017,"10,26","10,43","10,84","9,50","-0,19"
08.01.2017,"10,28","9,80","10,48","9,80","4,47"
07.01.2017,"9,84","10,09","10,19","9,48","-2,38"
06.01.2017,"10,08","10,23","10,40","9,47","-0,69"
05.01.2017,"10,15","11,16","11,70","9,20","-7,73"
04.01.2017,"11,00","9,57","11,10","9,44","12,94"
03.01.2017,"9,74","8,43","9,90","8,30","16,37"
02.01.2017,"8,37","8,19","8,50","8,11","2,07"
01.01.2017,"8,20","8,17","8,59","8,03","2,50"
31.12.2016,"8,00","8,17","8,35","8,00","-1,96"
30.12.2016,"8,16","8,27","8,50","8,05","-1,33"
29.12.2016,"8,27","7,62","8,60","7,62","9,10"
28.12.2016,"7,58","7,20","7,76","7,10","6,46"
27.12.2016,"7,12","7,27","7,33","7,08","-2,06"
26.12.2016,"7,27","7,11","7,35","7,05","0,55"
25.12.2016,"7,23","7,25","7,32","7,17","-0,28"
24.12.2016,"7,25","7,11","7,35","7,11","1,26"
23.12.2016,"7,16","7,55","7,68","7,11","-5,91"
22.12.2016,"7,61","7,84","7,84","7,46","-3,55"
21.12.2016,"7,89","7,68","7,96","7,64","3,68"
20.12.2016,"7,61","7,63","7,75","7,55","0,40"
19.12.2016,"7,58","7,93","7,93","7,58","-4,41"
18.12.2016,"7,93","7,88","7,94","7,74","2,59"
17.12.2016,"7,73","7,86","7,90","7,47","-1,65"
16.12.2016,"7,86","7,86","7,96","7,77","0,38"
15.12.2016,"7,83","8,16","8,23","7,71","-4,63"
14.12.2016,"8,21","8,44","8,49","8,20","-1,79"
13.12.2016,"8,36","8,49","8,49","8,30","-1,07"
12.12.2016,"8,45","8,19","8,63","8,09","3,17"
11.12.2016,"8,19","8,14","8,25","8,00","0,86"
10.12.2016,"8,12","8,42","8,55","7,94","-4,69"
09.12.2016,"8,52","8,10","8,65","8,02","2,65"
08.12.2016,"8,30","8,35","8,84","8,24","-0,36"
07.12.2016,"8,33","7,60","8,70","7,27","8,04"
06.12.2016,"7,71","6,68","7,88","5,86","15,07"
05.12.2016,"6,70","7,40","7,57","6,50","-11,26"
04.12.2016,"7,55","7,85","7,91","7,42","-4,55"
03.12.2016,"7,91","7,76","8,10","7,64","2,73"
02.12.2016,"7,70","8,43","8,43","7,10","-8,98"
01.12.2016,"8,46","8,61","8,61","8,36","-1,86"
30.11.2016,"8,62","8,16","8,76","8,11","5,64"
29.11.2016,"8,16","8,70","8,74","7,74","-6,21"
28.11.2016,"8,70","8,97","9,02","8,65","-2,03"
27.11.2016,"8,88","9,33","9,33","8,70","-4,82"
26.11.2016,"9,33","9,38","9,53","9,22","-0,53"
25.11.2016,"9,38","9,17","9,69","9,17","1,96"
24.11.2016,"9,20","9,69","9,85","8,70","-5,06"
23.11.2016,"9,69","9,89","9,92","9,68","-1,52"
22.11.2016,"9,84","9,61","10,26","9,54","2,39"
21.11.2016,"9,61","9,54","9,68","9,51","0,42"
20.11.2016,"9,57","9,68","9,76","9,49","-1,64"
19.11.2016,"9,73","9,54","9,86","9,48","2,21"
18.11.2016,"9,52","9,96","10,03","9,46","-4,70"
17.11.2016,"9,99","10,02","10,27","9,90","-0,30"
16.11.2016,"10,02","10,19","10,50","9,93","-2,43"
15.11.2016,"10,27","10,00","10,41","9,72","2,70"
14.11.2016,"10,00","10,08","10,19","9,96","-0,79"
13.11.2016,"10,08","10,01","10,37","9,68","0,70"
12.11.2016,"10,01","10,27","10,32","9,70","-2,53"
11.11.2016,"10,27","10,54","10,58","10,26","-2,56"
10.11.2016,"10,54","10,66","10,69","10,52","-1,68"
09.11.2016,"10,72","10,92","10,92","10,20","-1,83"
08.11.2016,"10,92","10,88","11,21","10,79","0,37"
07.11.2016,"10,88","10,91","11,10","10,85","-0,27"
06.11.2016,"10,91","11,15","11,27","10,91","-2,33"
05.11.2016,"11,17","11,23","11,24","10,99","-0,36"
04.11.2016,"11,21","10,86","11,24","10,85","3,22"
03.11.2016,"10,86","10,94","11,18","10,81","0,00"
02.11.2016,"10,86","10,81","11,25","10,76","0,46"
01.11.2016,"10,81","10,96","11,21","10,41","-1,37"
31.10.2016,"10,96","11,28","11,50","10,88","-2,84"
30.10.2016,"11,28","10,38","11,53","10,31","8,67"
29.10.2016,"10,38","11,15","11,26","9,50","-6,91"
28.10.2016,"11,15","11,57","11,70","10,85","-3,63"
27.10.2016,"11,57","11,50","11,66","11,23","0,61"
26.10.2016,"11,50","11,36","11,72","11,36","1,23"
25.10.2016,"11,36","11,99","12,00","11,12","-5,25"
24.10.2016,"11,99","12,07","12,23","11,98","-0,66"
23.10.2016,"12,07","12,25","12,26","11,99","-1,79"
22.10.2016,"12,29","12,16","12,37","12,08","1,07"
21.10.2016,"12,16","12,10","12,20","12,09","0,58"
20.10.2016,"12,09","11,99","12,32","11,99","0,83"
19.10.2016,"11,99","12,54","12,62","11,95","-4,39"
18.10.2016,"12,54","12,00","12,91","11,98","4,50"
17.10.2016,"12,00","11,98","12,03","11,81","0,17"
16.10.2016,"11,98","12,01","12,06","11,92","-0,25"
15.10.2016,"12,01","11,96","12,05","11,83","0,67"
14.10.2016,"11,93","12,07","12,10","11,90","-1,16"
13.10.2016,"12,07","11,72","12,12","11,72","2,99"
12.10.2016,"11,72","11,84","12,06","11,68","-0,51"
11.10.2016,"11,78","11,76","12,33","11,76","0,43"
10.10.2016,"11,73","12,03","12,09","11,60","-2,33"
09.10.2016,"12,01","12,26","12,56","11,99","-2,04"
08.10.2016,"12,26","12,73","12,76","12,00","-3,39"
07.10.2016,"12,69","12,84","13,00","12,56","-1,17"
06.10.2016,"12,84","13,11","13,15","12,62","-2,06"
05.10.2016,"13,11","13,33","13,39","13,08","-1,65"
04.10.2016,"13,33","13,44","13,50","13,22","-0,82"
03.10.2016,"13,44","13,22","13,50","13,17","2,13"
02.10.2016,"13,16","13,18","13,33","13,00","-0,15"
01.10.2016,"13,18","13,25","13,31","13,05","-0,90"
30.09.2016,"13,30","13,10","13,43","13,05","1,53"
29.09.2016,"13,10","13,25","13,33","13,07","-1,13"
28.09.2016,"13,25","13,08","13,49","13,04","1,30"
27.09.2016,"13,08","12,90","13,27","12,85","1,40"
26.09.2016,"12,90","13,14","13,14","12,81","-1,15"
25.09.2016,"13,05","12,86","13,20","12,77","1,48"
24.09.2016,"12,86","13,39","13,47","12,71","-3,74"
23.09.2016,"13,36","13,30","13,50","13,10","1,44"
22.09.2016,"13,17","13,65","13,70","12,47","-4,15"
21.09.2016,"13,74","14,30","14,35","13,16","-4,91"
20.09.2016,"14,45","13,15","15,40","13,08","12,02"
19.09.2016,"12,90","12,49","13,10","12,48","4,71"
18.09.2016,"12,32","12,73","13,10","12,26","-3,75"
17.09.2016,"12,80","12,60","12,87","12,51","0,95"
16.09.2016,"12,68","12,00","12,82","11,99","5,58"
15.09.2016,"12,01","11,94","12,41","11,91","0,59"
14.09.2016,"11,94","12,01","12,33","11,91","-0,58"
13.09.2016,"12,01","12,00","12,55","11,86","0,08"
12.09.2016,"12,00","11,80","12,05","11,67","2,74"
11.09.2016,"11,68","12,13","12,30","11,60","-3,71"
10.09.2016,"12,13","11,72","12,18","11,58","3,85"
09.09.2016,"11,68","11,45","11,90","11,40","2,01"
08.09.2016,"11,45","11,64","11,96","11,26","-1,63"
07.09.2016,"11,64","11,73","11,82","11,60","-0,77"
06.09.2016,"11,73","11,85","11,92","11,45","-1,01"
05.09.2016,"11,85","11,73","11,92","11,65","1,02"
04.09.2016,"11,73","11,88","11,96","11,60","-2,33"
03.09.2016,"12,01","12,13","12,43","11,65","-0,99"
02.09.2016,"12,13","12,22","12,38","11,91","-0,74"
01.09.2016,"12,22","11,66","12,60","11,61","5,07"
31.08.2016,"11,63","11,33","11,63","11,17","3,01"
30.08.2016,"11,29","11,03","11,39","10,94","3,29"
29.08.2016,"10,93","10,94","11,18","10,78","-0,09"
28.08.2016,"10,94","11,11","11,16","10,92","-2,32"
27.08.2016,"11,20","11,26","11,26","11,13","-0,18"
26.08.2016,"11,22","11,39","11,42","11,13","-1,49"
25.08.2016,"11,39","10,98","11,39","10,97","3,73"
24.08.2016,"10,98","11,03","11,20","10,96","-0,09"
23.08.2016,"10,99","11,14","11,28","10,90","-1,35"
22.08.2016,"11,14","11,20","11,36","11,00","0,09"
21.08.2016,"11,13","11,26","11,30","10,93","-1,15"
20.08.2016,"11,26","10,69","11,30","10,68","5,43"
19.08.2016,"10,68","10,69","10,76","10,61","-0,09"
18.08.2016,"10,69","10,72","10,97","10,66","-0,28"
17.08.2016,"10,72","11,07","11,07","10,65","-3,16"
16.08.2016,"11,07","11,15","11,17","10,83","-0,18"
15.08.2016,"11,09","11,16","11,28","10,88","-0,63"
14.08.2016,"11,16","11,48","11,67","11,00","-2,79"
13.08.2016,"11,48","11,69","11,76","11,40","-1,63"
12.08.2016,"11,67","11,71","11,99","11,57","0,26"
11.08.2016,"11,64","11,90","12,10","11,57","-3,56"
10.08.2016,"12,07","11,99","12,33","11,86","18,80"
09.08.2016,"10,16","10,16","10,16","10,16","0,00"
08.08.2016,"10,16","10,16","10,16","10,16","0,00"
07.08.2016,"10,16","10,16","10,16","10,16","0,00"
06.08.2016,"10,16","10,16","10,16","10,16","0,00"
05.08.2016,"10,16","10,16","10,16","10,16","0,00"
04.08.2016,"10,16","10,16","10,16","10,16","0,00"
03.08.2016,"10,16","10,16","10,16","10,16","0,00"
02.08.2016,"10,16","11,04","11,20","9,90","-8,30"
01.08.2016,"11,08","12,00","12,04","11,08","-6,58"
31.07.2016,"11,86","12,45","12,55","11,30","-5,27"
30.07.2016,"12,52","12,85","12,85","12,47","-2,95"
29.07.2016,"12,90","12,87","12,94","12,60","0,23"
28.07.2016,"12,87","12,93","13,00","12,54","-1,23"
27.07.2016,"13,03","12,01","13,28","11,78","8,49"
26.07.2016,"12,01","13,55","13,86","11,91","-12,97"
25.07.2016,"13,80","12,86","13,80","12,75","9,09"
24.07.2016,"12,65","14,33","14,44","12,17","-11,23"
23.07.2016,"14,25","14,55","14,85","13,90","-2,86"
22.07.2016,"14,67","12,67","15,15","12,53","16,89"
21.07.2016,"12,55","12,52","12,75","12,03","0,56"
20.07.2016,"12,48","11,70","13,04","11,55","6,21"
19.07.2016,"11,75","11,09","12,24","11,07","6,43"
18.07.2016,"11,04","11,31","11,75","11,01","-1,78"
17.07.2016,"11,24","11,72","11,74","11,02","-4,10"
16.07.2016,"11,72","11,95","12,05","11,72","-1,76"
15.07.2016,"11,93","11,50","12,55","11,37","2,84"
14.07.2016,"11,60","10,70","11,79","10,69","10,79"
13.07.2016,"10,47","10,55","10,60","10,43","-0,76"
12.07.2016,"10,55","10,48","10,80","10,40","0,38"
11.07.2016,"10,51","10,95","11,09","10,20","-4,02"
10.07.2016,"10,95","10,83","11,02","10,74","0,46"
09.07.2016,"10,90","11,37","11,43","10,40","-3,63"
08.07.2016,"11,31","10,16","11,65","9,90","11,54"
07.07.2016,"10,14","10,58","10,67","9,73","-3,89"
06.07.2016,"10,55","10,37","11,12","10,22","0,19"
05.07.2016,"10,53","11,42","11,49","9,35","-7,79"
04.07.2016,"11,42","11,65","11,85","11,35","-3,06"
03.07.2016,"11,78","12,06","12,11","11,56","-2,97"
02.07.2016,"12,14","12,17","12,20","11,95","-1,70"
01.07.2016,"12,35","12,50","12,58","11,74","-1,20"
30.06.2016,"12,50","12,64","12,88","12,20","-2,11"
29.06.2016,"12,77","12,08","13,05","11,57","4,50"
28.06.2016,"12,22","13,95","14,07","11,51","-12,46"
27.06.2016,"13,96","13,71","14,19","13,68","1,53"
26.06.2016,"13,75","14,22","14,40","13,53","-3,91"
25.06.2016,"14,31","14,39","14,84","13,91","0,14"
24.06.2016,"14,29","13,76","14,46","13,10","3,93"
23.06.2016,"13,75","13,26","14,00","12,50","3,77"
22.06.2016,"13,25","13,75","15,90","12,95","2,40"
21.06.2016,"12,94","11,67","12,98","11,20","8,74"
20.06.2016,"11,90","12,33","12,49","10,51","-4,26"
19.06.2016,"12,43","10,76","13,36","10,55","8,94"
18.06.2016,"11,41","15,19","15,30","10,13","-26,91"
17.06.2016,"15,61","20,86","21,69","11,51","-24,59"
16.06.2016,"20,70","18,61","21,10","18,44","12,20"
15.06.2016,"18,45","18,70","18,75","17,55","-1,49"
14.06.2016,"18,73","17,65","19,41","16,00","5,64"
13.06.2016,"17,73","15,75","17,91","15,70","12,22"
12.06.2016,"15,80","14,30","16,09","14,25","11,66"
11.06.2016,"14,15","13,95","14,28","13,81","1,29"
10.06.2016,"13,97","14,44","14,46","13,56","-3,32"
09.06.2016,"14,45","14,51","14,70","14,37","-0,28"
08.06.2016,"14,49","14,60","14,89","14,30","-0,07"
07.06.2016,"14,50","13,94","14,70","13,88","3,35"
06.06.2016,"14,03","14,00","14,19","13,80","0,57"
05.06.2016,"13,95","13,75","13,97","13,69","1,01"
04.06.2016,"13,81","13,90","13,90","13,40","-0,22"
03.06.2016,"13,84","13,82","13,99","13,42","0,29"
02.06.2016,"13,80","13,94","14,03","13,61","-0,36"
01.06.2016,"13,85","14,07","14,30","13,46","-1,14"
31.05.2016,"14,01","12,78","14,28","12,60","10,14"
30.05.2016,"12,72","12,44","12,81","12,30","2,50"
29.05.2016,"12,41","11,80","12,89","11,78","3,59"
28.05.2016,"11,98","10,99","12,50","10,38","7,73"
27.05.2016,"11,12","12,40","12,43","10,53","-10,90"
26.05.2016,"12,48","12,52","13,07","12,13","-0,08"
25.05.2016,"12,49","12,84","12,99","11,80","-1,89"
24.05.2016,"12,73","13,38","13,82","12,00","-5,14"
23.05.2016,"13,42","14,21","14,49","13,32","-5,56"
22.05.2016,"14,21","14,06","14,51","13,62","1,50"
21.05.2016,"14,00","13,60","14,00","13,01","1,52"
20.05.2016,"13,79","14,74","14,89","13,31","-5,42"
19.05.2016,"14,58","13,40","14,65","13,20","9,21"
18.05.2016,"13,35","12,28","14,40","12,21","10,51"
17.05.2016,"12,08","11,15","12,60","11,10","8,93"
16.05.2016,"11,09","10,01","11,47","10,00","11,23"
15.05.2016,"9,97","10,25","10,42","9,93","-1,87"
14.05.2016,"10,16","10,60","10,75","9,71","-4,15"
13.05.2016,"10,60","10,09","11,11","10,08","5,58"
12.05.2016,"10,04","9,92","10,47","9,79","1,52"
11.05.2016,"9,89","9,38","9,98","9,30","5,44"
10.05.2016,"9,38","9,31","9,47","9,28","0,64"
09.05.2016,"9,32","9,51","9,65","9,25","-1,89"
08.05.2016,"9,50","9,41","9,64","9,00","1,60"
07.05.2016,"9,35","9,45","9,64","9,20","0,00"
06.05.2016,"9,35","9,85","9,98","9,12","-4,49"
05.05.2016,"9,79","9,40","10,00","9,30","3,49"
04.05.2016,"9,46","9,38","10,00","9,25","1,28"
03.05.2016,"9,34","10,01","10,01","9,18","-6,60"
02.05.2016,"10,00","8,83","10,30","8,79","14,29"
01.05.2016,"8,75","8,74","9,00","8,35","-1,35"
30.04.2016,"8,87","7,45","9,36","7,45","17,95"
29.04.2016,"7,52","7,23","7,72","7,19","2,59"
28.04.2016,"7,33","7,73","7,87","7,25","-6,03"
27.04.2016,"7,80","7,40","7,99","7,31","4,00"
26.04.2016,"7,50","7,56","7,60","7,12","-0,53"
25.04.2016,"7,54","8,05","8,15","7,32","-6,91"
24.04.2016,"8,10","8,35","8,50","8,01","-4,26"
23.04.2016,"8,46","7,95","8,80","7,81","6,15"
22.04.2016,"7,97","8,23","8,41","7,73","-1,73"
21.04.2016,"8,11","8,61","8,80","8,00","-5,81"
20.04.2016,"8,61","8,73","9,05","8,35","-1,15"
19.04.2016,"8,71","8,97","9,38","8,65","-2,90"
18.04.2016,"8,97","9,30","9,55","8,44","-5,18"
17.04.2016,"9,46","8,70","10,90","8,61","10,77"
16.04.2016,"8,54","8,23","8,68","8,18","2,64"
15.04.2016,"8,32","8,39","8,69","8,10","-1,65"
14.04.2016,"8,46","8,08","8,86","8,00","4,57"
13.04.2016,"8,09","7,48","8,80","6,86","7,44"
12.04.2016,"7,53","8,53","8,54","7,21","-13,25"
11.04.2016,"8,68","8,56","8,93","8,01","-0,91"
10.04.2016,"8,76","9,15","9,43","7,52","-4,26"
09.04.2016,"9,15","9,69","10,20","9,00","-5,77"
08.04.2016,"9,71","10,05","10,34","9,60","-4,05"
07.04.2016,"10,12","10,76","10,85","9,40","-5,95"
06.04.2016,"10,76","10,40","10,96","10,20","3,46"
05.04.2016,"10,40","11,15","11,15","9,70","-6,73"
04.04.2016,"11,15","11,60","11,67","10,88","-5,11"
03.04.2016,"11,75","11,61","11,76","11,40","1,21"
02.04.2016,"11,61","11,65","11,77","11,43","-0,09"
01.04.2016,"11,62","11,41","11,94","11,39","1,84"
31.03.2016,"11,41","11,92","12,02","11,29","-3,71"
30.03.2016,"11,85","11,79","12,30","11,44","0,51"
29.03.2016,"11,79","11,78","11,88","11,37","1,46"
28.03.2016,"11,62","10,40","11,94","10,40","11,73"
27.03.2016,"10,40","10,93","10,98","10,17","-5,45"
26.03.2016,"11,00","10,67","11,20","10,58","3,09"
25.03.2016,"10,67","11,32","11,35","10,52","-4,73"
24.03.2016,"11,20","12,43","12,47","10,67","-9,90"
23.03.2016,"12,43","11,37","12,43","11,20","9,32"
22.03.2016,"11,37","11,53","11,97","11,08","-4,85"
21.03.2016,"11,95","10,18","12,05","10,14","17,39"
20.03.2016,"10,18","10,55","10,88","9,56","-1,26"
19.03.2016,"10,31","10,97","11,10","9,78","-4,00"
18.03.2016,"10,74","11,09","11,20","8,34","0,00"
17.03.2016,"10,74","12,58","12,61","10,44","-16,61"
16.03.2016,"12,88","13,06","13,89","12,62","-1,38"
15.03.2016,"13,06","12,63","13,42","11,98","4,48"
14.03.2016,"12,50","15,07","15,07","11,40","-17,05"
13.03.2016,"15,07","12,92","15,07","12,92","16,64"
12.03.2016,"12,92","11,95","13,45","11,95","8,12"
11.03.2016,"11,95","11,75","11,95","11,75","1,70"
10.03.2016,"11,75","11,20","11,85","11,07","4,91"
